timestamp,station,line,car,door,operation,filename,mean_current,std_current,max_current,min_current,range_current,p25_current,p50_current,p75_current,duration,data_points,mean_diff,max_diff,energy,rms_current,skewness,kurtosis,mean_current_left,mean_current_right,max_current_left,max_current_right,label
2026-06-29 00:03:54,五反田,1,1,1,open,20260629000354_五反田_1番線_1号車_1番ドア_開動作.csv,82.89318181818182,125.76535727248596,383.1,9.2,373.90000000000003,10.15,10.45,86.55000000000001,10.95,220,8.317351598173516,199.50000000000003,4991405.029999999,150.6260425086518,1.4495302980329237,0.3653638257456553,80.41909090909091,85.36727272727273,368.6,397.6,0
2026-06-29 00:18:29,五反田,1,1,1,close,20260629001829_五反田_1番線_1号車_1番ドア_閉動作.csv,79.7368181818182,114.16472721412701,359.1,9.25,349.85,10.0875,10.45,91.125,10.95,220,8.809132420091325,219.2,4266139.925,139.2535281909811,1.4587274009693052,0.5106898379843674,84.56818181818181,74.90545454545455,374.4,343.8,0
2026-06-29 00:24:58,五反田,1,1,1,open,20260629002458_五反田_1番線_1号車_1番ドア_開動作.csv,82.95977272727272,125.69819032993702,386.65,9.05,377.59999999999997,10.2,10.55,85.67500000000001,10.95,220,8.154337899543378,229.50000000000003,4990118.9675,150.6066364513258,1.4515145880856355,0.37203630289224776,80.5890909090909,85.33045454545454,367.6,405.7,0
2026-06-29 00:33:02,五反田,1,1,1,close,20260629003302_五反田_1番線_1号車_1番ドア_閉動作.csv,80.09295454545455,114.36258967105746,358.85,8.95,349.90000000000003,10.0875,10.575,92.57500000000002,10.95,220,8.369178082191782,190.89999999999998,4288610.3225,139.61978113466196,1.4462136234067713,0.4716780373228593,84.84454545454547,75.34136363636362,378.7,342.0,0
2026-06-29 00:55:19,五反田,1,1,1,open,20260629005519_五反田_1番線_1号車_1番ドア_開動作.csv,83.15477272727273,125.96605914597205,390.35,9.100000000000001,381.25,10.1,10.45,88.975,10.95,220,8.082191780821915,189.55,5012076.142499999,150.9376171936304,1.438457247274735,0.33374455050299234,80.52227272727274,85.78727272727274,371.7,409.0,0
2026-06-29 04:34:03,五反田,1,1,1,close,20260629043403_五反田_1番線_1号車_1番ドア_閉動作.csv,151.92613636363637,137.41448129350567,378.0,9.25,368.75,10.6375,87.77499999999999,315.2875,10.95,220,17.18607305936073,221.95,9232143.9275,204.85187472792495,0.41176312241653357,-1.548504721568595,154.16500000000002,149.68727272727276,375.3,391.1,0
2026-06-29 04:34:42,五反田,1,1,1,close,20260629043442_五反田_1番線_1号車_1番ドア_閉動作.csv,79.48772727272727,114.009275477194,356.0,9.1,346.9,9.9,10.4,88.86250000000001,10.95,220,8.821689497716893,217.44999999999996,4249611.01,138.98350147344172,1.4586075650945232,0.5105942497038174,84.29272727272726,74.68272727272728,373.6,338.4,0
2026-06-29 04:57:04,五反田,1,1,1,open,20260629045704_五反田_1番線_1号車_1番ドア_開動作.csv,82.67454545454547,125.73497709747468,386.6,9.0,377.6,9.95,10.35,84.225,10.95,220,7.837899543378995,191.44999999999996,4981760.285,150.48044700830133,1.4514745695089462,0.37288722502262095,80.34590909090909,85.00318181818182,373.3,399.9,0
2026-06-29 04:57:24,五反田,1,1,1,close,20260629045724_五反田_1番線_1号車_1番ドア_閉動作.csv,79.36431818181819,113.47475434886441,358.15,9.0,349.15,9.85,10.3,90.23750000000001,10.95,220,7.526484018264841,200.64999999999998,4218547.2725,138.4746001077454,1.4521436574302085,0.5010620162802839,84.07772727272729,74.6509090909091,380.2,336.3,0
2026-06-29 05:30:12,五反田,1,1,1,open,20260629053012_五反田_1番線_1号車_1番ドア_開動作.csv,82.85,126.02445568943428,382.4,9.25,373.15,10.100000000000001,10.55,85.175,10.95,220,8.534246575342467,193.5,5004182.905,150.81871877130564,1.4546597572257312,0.37557018312055845,80.32954545454545,85.37045454545455,366.8,422.1,0
2026-06-29 05:35:47,五反田,1,1,1,close,20260629053547_五反田_1番線_1号車_1番ドア_閉動作.csv,79.88977272727271,114.08186981463308,362.15,9.3,352.84999999999997,10.15,10.6,90.775,10.95,220,8.7148401826484,194.65,4267350.7375,139.2732882027928,1.455265732238406,0.5037976070664469,84.64545454545454,75.13409090909092,394.9,345.5,0
2026-06-29 06:06:53,五反田,1,1,1,open,20260629060653_五反田_1番線_1号車_1番ドア_開動作.csv,83.2025,126.0893889473402,389.65,9.35,380.29999999999995,10.149999999999999,10.45,86.4625,10.95,220,8.129908675799086,200.49999999999994,5020661.8025,151.06683954913348,1.4451493769236239,0.35175414194929777,80.56181818181817,85.84318181818182,370.6,408.7,0
2026-06-29 06:10:16,五反田,1,1,1,close,20260629061016_五反田_1番線_1号車_1番ドア_閉動作.csv,80.11227272727272,114.22490637222602,370.95,9.100000000000001,361.84999999999997,10.037500000000001,10.525,90.15,10.95,220,8.00159817351598,194.85,4282367.205,139.51811881355312,1.4354700494530823,0.43549278544055214,84.97272727272727,75.25181818181817,384.0,357.9,0
2026-06-29 06:25:29,五反田,1,1,1,open,20260629062529_五反田_1番線_1号車_1番ドア_開動作.csv,82.91113636363637,126.14109317484544,384.9,9.15,375.75,9.95,10.399999999999999,85.6625,10.95,220,8.87648401826484,189.3,5012883.0225,150.9497662153027,1.4521866329070034,0.37428323857737444,80.57181818181817,85.25045454545455,368.3,408.8,0
2026-06-29 06:33:47,五反田,1,1,1,close,20260629063347_五反田_1番線_1号車_1番ドア_閉動作.csv,79.65818181818182,114.32840526850565,357.95000000000005,8.95,349.00000000000006,10.0,10.4,91.3625,10.95,220,8.859360730593608,209.15000000000003,4271610.240000001,139.3427794391162,1.4630579766577065,0.5326295387186541,84.36045454545454,74.95590909090909,372.8,353.2,0
2026-06-29 06:37:41,五反田,1,1,1,open,20260629063741_五反田_1番線_1号車_1番ドア_開動作.csv,82.8768181818182,125.79505521740018,384.7,9.3,375.4,10.25,10.600000000000001,85.51250000000002,10.95,220,7.9721461187214615,182.75,4992451.84,150.6418365165896,1.4518679052903842,0.37385607410460864,80.39818181818183,85.35545454545453,376.4,393.0,0
2026-06-29 06:45:48,五反田,1,1,1,close,20260629064548_五反田_1番線_1号車_1番ドア_閉動作.csv,79.90022727272729,114.49845637086983,361.95000000000005,9.3,352.65000000000003,10.100000000000001,10.55,92.4125,10.95,220,8.967808219178082,219.99999999999994,4288667.4225,139.6207106039267,1.4602793949580717,0.5214005944851805,84.34227272727273,75.45818181818181,377.3,346.6,0
2026-06-29 06:48:57,五反田,1,1,1,open,20260629064857_五反田_1番線_1号車_1番ドア_開動作.csv,82.7225,125.79247260549634,385.1,9.0,376.1,10.037500000000001,10.45,83.25,10.95,220,8.56027397260274,214.00000000000003,4986686.7975,150.55483443069687,1.4572289805897805,0.38762465583287176,80.2890909090909,85.15590909090909,369.2,410.4,0
2026-06-29 06:54:43,五反田,1,1,1,close,20260629065443_五反田_1番線_1号車_1番ドア_閉動作.csv,79.86477272727272,114.53329784764533,359.05,9.0,350.05,10.100000000000001,10.55,92.0875,10.95,220,9.115068493150686,229.95,4289176.8125,139.6290021400868,1.4624631160305943,0.5250174423912948,84.52999999999999,75.19954545454546,376.3,341.8,0
2026-06-29 06:57:57,五反田,1,1,1,open,20260629065757_五反田_1番線_1号車_1番ドア_開動作.csv,82.81000000000002,125.78243948110635,380.15,9.25,370.9,10.3,10.65,84.5375,10.95,220,8.505936073059361,203.1,4989318.000000001,150.59454897777073,1.457221077750078,0.3850917701689953,80.34727272727274,85.27272727272727,369.3,391.0,0
2026-06-29 07:01:13,五反田,1,1,1,close,20260629070113_五反田_1番線_1号車_1番ドア_閉動作.csv,80.01681818181818,114.06324088721229,357.35,9.649999999999999,347.70000000000005,10.3,10.675,92.01250000000002,10.95,220,8.462785388127855,190.45000000000005,4270885.105,139.33095174309392,1.453598649396603,0.49590286158349306,84.85272727272726,75.18090909090908,370.8,343.9,0
2026-06-29 07:04:23,五反田,1,1,1,open,20260629070423_五反田_1番線_1号車_1番ドア_開動作.csv,83.05704545454545,125.86928594197786,387.4,9.0,378.4,10.05,10.475,87.4,10.95,220,8.084246575342465,190.14999999999995,5003140.9875,150.80301702280966,1.4422227799541245,0.34596093609135403,80.49227272727272,85.62181818181818,365.9,408.9,0
2026-06-29 07:08:45,五反田,1,1,1,close,20260629070845_五反田_1番線_1号車_1番ドア_閉動作.csv,79.8890909090909,114.4399594233147,370.20000000000005,9.05,361.15000000000003,10.0,10.5,92.47500000000001,10.95,220,9.227397260273973,216.7,4285329.655,139.56636829512655,1.4592421123195283,0.5125600471493517,84.53863636363636,75.23954545454546,383.8,356.6,0
2026-06-29 07:12:23,五反田,1,1,1,open,20260629071223_五反田_1番線_1号車_1番ドア_開動作.csv,82.76818181818182,125.98034771475501,378.45000000000005,9.15,369.30000000000007,10.037500000000001,10.5,85.55000000000001,10.95,220,8.73150684931507,223.0,4998756.384999999,150.73692292142022,1.4549900368944353,0.37792079202006734,80.09454545454545,85.44181818181819,366.6,400.4,0
2026-06-29 07:16:50,五反田,1,1,1,close,20260629071650_五反田_1番線_1号車_1番ドア_閉動作.csv,80.04522727272727,114.28216391276771,359.35,9.0,350.35,10.2,10.649999999999999,90.775,10.95,220,8.578310502283106,204.9,4282883.3075,139.52652578534045,1.455907686733277,0.5099091428350877,84.91681818181819,75.17363636363636,377.7,353.3,0
2026-06-29 07:20:33,五反田,1,1,1,open,20260629072033_五反田_1番線_1号車_1番ドア_開動作.csv,83.17272727272727,126.0134038029944,388.45,9.45,379.0,10.3,10.649999999999999,83.9875,10.95,220,8.572374429223743,229.25,5015357.71,150.98702096537966,1.4517703360862237,0.36908973406232715,80.73863636363636,85.6068181818182,369.4,407.5,0
2026-06-29 07:23:49,五反田,1,1,1,close,20260629072349_五反田_1番線_1号車_1番ドア_閉動作.csv,80.01795454545454,113.87244382081737,360.6,9.399999999999999,351.20000000000005,10.2,10.75,91.8125,10.95,220,8.285844748858446,193.2,4261357.4325,139.1754522585202,1.4536487793511528,0.5026374071406652,84.9059090909091,75.13,374.8,346.4,0
2026-06-29 07:26:43,五反田,1,1,1,open,20260629072643_五反田_1番線_1号車_1番ドア_開動作.csv,82.71704545454546,125.80670108940117,377.25,9.25,368.0,10.15,10.5,85.22500000000001,10.95,220,8.165981735159816,197.55,4987275.842499999,150.56372620165612,1.4503847499555367,0.3666313364705007,79.89090909090909,85.54318181818182,363.5,391.0,0
2026-06-29 07:30:18,五反田,1,1,1,close,20260629073018_五反田_1番線_1号車_1番ドア_閉動作.csv,80.03000000000002,113.88454923537897,366.20000000000005,9.1,357.1,10.149999999999999,10.7,91.92500000000001,10.95,220,8.356621004566211,203.39999999999998,4262388.119999999,139.19228230956432,1.4469063143695033,0.4817266758360055,84.69,75.36999999999999,380.3,352.1,0
2026-06-29 07:33:07,五反田,1,1,1,open,20260629073307_五反田_1番線_1号車_1番ドア_開動作.csv,82.80886363636364,125.709772984079,378.35,9.2,369.15000000000003,10.1,10.5,84.26249999999999,10.95,220,8.249771689497718,195.80000000000004,4985256.0825,150.53323526867595,1.451369488599405,0.3712730387000138,80.4959090909091,85.12181818181818,363.1,393.6,0
2026-06-29 07:36:17,五反田,1,1,1,close,20260629073617_五反田_1番線_1号車_1番ドア_閉動作.csv,79.76954545454545,114.43310066176709,362.8,9.149999999999999,353.65000000000003,10.100000000000001,10.675,91.7625,10.95,220,9.239041095890409,235.45000000000002,4280785.279999999,139.4923471344966,1.4680135439260251,0.5463211714981537,84.50318181818182,75.0359090909091,371.0,363.8,0
2026-06-29 07:38:33,五反田,1,1,1,open,20260629073833_五反田_1番線_1号車_1番ドア_開動作.csv,82.89568181818181,125.76909159967664,385.65,9.3,376.34999999999997,10.2,10.5,85.08749999999999,10.95,220,8.752054794520548,187.6,4991702.862500001,150.6305362996132,1.4539790929908223,0.3812014687139391,80.56454545454544,85.22681818181819,368.5,402.8,0
2026-06-29 07:41:23,五反田,1,1,1,close,20260629074123_五反田_1番線_1号車_1番ドア_閉動作.csv,79.97318181818183,114.39997818206893,359.6,9.350000000000001,350.25,10.3,10.649999999999999,93.5875,10.95,220,9.058219178082194,229.4,4286274.26,139.58174958848244,1.4613305674450678,0.527229618746107,84.53318181818182,75.41318181818181,377.7,343.3,0
2026-06-29 07:44:02,五反田,1,1,1,open,20260629074402_五反田_1番線_1号車_1番ドア_開動作.csv,82.71590909090908,125.8670103416911,381.95000000000005,9.25,372.70000000000005,10.037500000000001,10.4,84.925,10.95,220,8.114383561643836,187.10000000000005,4990573.7,150.6134984292275,1.450844213232268,0.3675627603701219,80.12545454545455,85.30636363636363,368.1,395.8,0
2026-06-29 07:46:24,五反田,1,1,1,close,20260629074624_五反田_1番線_1号車_1番ドア_閉動作.csv,79.62772727272727,114.05803966847986,361.1,9.2,351.90000000000003,10.1,10.5,91.44999999999999,10.95,220,8.539954337899543,213.39999999999998,4256958.499999999,139.10359939137578,1.4629920859746575,0.5344882713942702,84.38363636363636,74.87181818181818,377.9,344.3,0
2026-06-29 07:48:55,五反田,1,1,1,open,20260629074855_五反田_1番線_1号車_1番ドア_開動作.csv,82.55954545454547,125.6657856443494,386.65,8.95,377.7,9.9875,10.399999999999999,84.39999999999999,10.95,220,7.960045662100455,180.25,4973753.010000001,150.3594633778424,1.449712912698899,0.3650138036964181,79.84227272727273,85.27681818181816,373.2,400.1,0
2026-06-29 07:51:20,五反田,1,1,1,close,20260629075120_五反田_1番線_1号車_1番ドア_閉動作.csv,79.84704545454547,113.75388056476748,367.15,9.149999999999999,358.0,9.95,10.55,92.85000000000001,10.95,220,7.82716894977169,186.1,4249409.1225000005,138.98020006951938,1.4389249614121007,0.4588899270411546,84.64636363636365,75.04772727272727,385.1,349.2,0
2026-06-29 07:55:22,五反田,1,1,1,open,20260629075522_五反田_1番線_1号車_1番ドア_開動作.csv,82.52204545454545,125.71414011701934,388.75,8.8,379.95,9.9,10.275,83.8,10.95,220,8.325799086757991,220.5,4975065.262499999,150.37929715011848,1.4553020377649992,0.38250893576561174,79.83772727272726,85.20636363636365,368.0,409.5,0
2026-06-29 07:57:36,五反田,1,1,1,close,20260629075736_五反田_1番線_1号車_1番ドア_閉動作.csv,79.79659090909092,113.92409235066809,368.35,9.1,359.25,9.95,10.375,91.38750000000002,10.95,220,8.356392694063926,194.25,4256162.8425,139.09059903040307,1.44774894820526,0.482541461073803,84.51454545454544,75.07863636363636,384.5,352.2,0
2026-06-29 08:03:38,五反田,1,1,1,open,20260629080338_五反田_1番線_1号車_1番ドア_開動作.csv,82.91568181818184,125.70985466899069,383.3,9.55,373.75,10.15,10.6,84.69999999999999,10.95,220,8.616894977168949,200.3,4989155.1274999995,150.59209093532345,1.4526363380832228,0.37397419348750116,80.43272727272728,85.39863636363638,366.5,400.1,0
2026-06-29 08:06:01,五反田,1,1,1,close,20260629080601_五反田_1番線_1号車_1番ドア_閉動作.csv,79.925,113.76397991016313,372.3,9.25,363.05,10.2,10.600000000000001,92.1,10.95,220,8.590639269406394,225.5,4252654.725000001,139.03326490448248,1.4541787141870288,0.499985761601335,84.90954545454547,74.94045454545456,385.8,358.8,0
2026-06-29 08:08:36,五反田,1,1,1,open,20260629080836_五反田_1番線_1号車_1番ドア_開動作.csv,82.62295454545452,125.4429435962376,377.55,9.0,368.55,10.149999999999999,10.5,84.4875,10.95,220,8.137214611872146,180.39999999999998,4963746.6375,150.20813798163232,1.4545892244013372,0.38532803591575826,80.17863636363636,85.06727272727274,362.0,393.1,0
2026-06-29 08:10:51,五反田,1,1,1,close,20260629081051_五反田_1番線_1号車_1番ドア_閉動作.csv,79.2959090909091,113.74551262513775,357.45,9.25,348.2,9.95,10.399999999999999,90.05,10.95,220,8.632420091324201,208.95000000000002,4229694.224999999,138.6574298078148,1.4626727662703065,0.5237518884318004,84.0409090909091,74.55090909090909,372.9,342.0,0
2026-06-29 08:13:36,五反田,1,1,1,open,20260629081336_五反田_1番線_1号車_1番ドア_開動作.csv,82.72818181818182,125.63110238950904,378.15,9.35,368.79999999999995,10.149999999999999,10.55,85.5,10.95,220,8.211415525114155,214.74999999999994,4977967.709999999,150.42315631093987,1.4515019026925073,0.3700982431564719,79.96863636363638,85.48772727272728,363.5,392.8,0
2026-06-29 08:15:43,五反田,1,1,1,close,20260629081543_五反田_1番線_1号車_1番ドア_閉動作.csv,79.6115909090909,113.8858721572367,359.45000000000005,9.55,349.90000000000003,10.25,10.65,90.25,10.95,220,8.782648401826485,211.85,4247759.402499999,138.95321976870815,1.461564452903671,0.5160757626127994,84.32272727272728,74.90045454545454,375.6,343.3,0
2026-06-29 08:18:09,五反田,1,1,1,open,20260629081809_五反田_1番線_1号車_1番ドア_開動作.csv,82.77954545454544,125.78695468121967,381.0,8.85,372.15,9.95,10.45,84.7875,10.95,220,8.605707762557076,194.04999999999998,4988458.444999999,150.5815762755735,1.4488995595859722,0.36461528589242276,80.44772727272728,85.11136363636363,366.0,396.0,0
2026-06-29 08:20:43,五反田,1,1,1,close,20260629082043_五反田_1番線_1号車_1番ドア_閉動作.csv,79.5234090909091,113.74475746047258,360.20000000000005,9.3,350.90000000000003,10.149999999999999,10.55,89.39999999999999,10.95,220,8.645890410958904,208.29999999999998,4237605.3375,138.78703989631677,1.4566510316995835,0.5009308413690952,84.24954545454545,74.79727272727273,376.8,343.6,0
2026-06-29 08:23:28,五反田,1,1,1,open,20260629082328_五反田_1番線_1号車_1番ドア_開動作.csv,82.6065909090909,125.7348985680728,379.5,8.95,370.55,10.05,10.45,84.9125,10.95,220,8.6486301369863,230.79999999999995,4979284.9875,150.4430575983666,1.4568372459329593,0.3841161470797694,80.06500000000001,85.14818181818181,364.9,394.7,0
2026-06-29 08:25:58,五反田,1,1,1,close,20260629082558_五反田_1番線_1号車_1番ドア_閉動作.csv,79.82272727272728,113.75985504489145,361.55,9.3,352.25,10.25,10.775,91.175,10.95,220,8.287214611872148,208.45000000000002,4248853.93,138.97112077367336,1.4539929310494677,0.5026679310693973,84.68545454545455,74.96000000000001,379.8,343.3,0
2026-06-29 08:28:18,五反田,1,1,1,open,20260629082818_五反田_1番線_1号車_1番ドア_開動作.csv,82.81159090909091,125.39573617050037,384.5,9.3,375.2,10.0,10.399999999999999,88.96249999999999,10.95,220,8.02579908675799,189.04999999999998,4968007.052499999,150.2725864508772,1.4478755313177685,0.3727535133249136,80.57318181818182,85.05,369.8,399.2,0
2026-06-29 08:30:28,五反田,1,1,1,close,20260629083028_五反田_1番線_1号車_1番ドア_閉動作.csv,79.49045454545454,113.89446969482809,362.45,9.05,353.4,9.95,10.4,91.275,10.95,220,8.963013698630137,210.05,4243950.170000001,138.89090175713127,1.4593981922547246,0.5109887753361071,84.48454545454547,74.49636363636364,376.4,348.5,0
2026-06-29 08:33:05,五反田,1,1,1,open,20260629083305_五反田_1番線_1号車_1番ドア_開動作.csv,82.69340909090909,125.32584109111848,386.6,9.25,377.35,10.25,10.6,85.725,10.95,220,7.949771689497718,176.85000000000002,4959848.5975,150.1491470247924,1.4487105342770794,0.36448956178631997,79.98318181818183,85.40363636363637,372.3,400.9,0
2026-06-29 08:35:30,五反田,1,1,1,close,20260629083530_五反田_1番線_1号車_1番ドア_閉動作.csv,79.6,113.4966586412449,358.05,9.45,348.6,10.25,10.725,90.275,10.95,220,8.106849315068494,203.54999999999998,4227883.335,138.62774441909986,1.4578264621844785,0.5106804294860039,84.54318181818182,74.65681818181818,376.3,339.8,0
2026-06-29 08:38:35,五反田,1,1,1,open,20260629083835_五反田_1番線_1号車_1番ドア_開動作.csv,82.41090909090909,125.54921859606551,375.4,9.05,366.34999999999997,10.0,10.3,85.7875,10.95,220,8.67351598173516,202.2,4961916.13,150.18043889692402,1.4528849469921663,0.3738667862159053,79.72954545454546,85.09227272727271,359.6,392.2,0
2026-06-29 08:40:50,五反田,1,1,1,close,20260629084050_五反田_1番線_1号車_1番ドア_閉動作.csv,79.52863636363638,113.5614824383472,364.1,9.25,354.85,9.95,10.4,91.7625,10.95,220,7.790182648401825,188.64999999999995,4228623.145000001,138.63987267541236,1.4473104471055296,0.4765355786743197,84.32045454545455,74.73681818181818,381.8,346.4,0
2026-06-29 08:43:36,五反田,1,1,1,open,20260629084336_五反田_1番線_1号車_1番ドア_開動作.csv,82.34022727272728,125.3512186996752,376.7,9.2,367.5,10.05,10.5,84.125,10.95,220,8.435388127853882,214.70000000000002,4948425.032500001,149.97613495759313,1.4571593910848042,0.3863352853149067,79.83181818181818,84.84863636363637,362.7,390.7,0
2026-06-29 08:45:48,五反田,1,1,1,close,20260629084548_五反田_1番線_1号車_1番ドア_閉動作.csv,79.49340909090908,113.42838665758116,368.55,9.2,359.35,10.15,10.649999999999999,89.48750000000001,10.95,220,8.034474885844748,191.75,4220744.2175,138.51065297888232,1.445732466778569,0.4671921585479888,84.28090909090909,74.70590909090909,383.5,353.6,0
2026-06-29 08:48:31,五反田,1,1,1,open,20260629084831_五反田_1番線_1号車_1番ドア_開動作.csv,82.7865909090909,125.31488906937199,381.05,9.35,371.7,10.1375,10.5,83.2125,10.95,220,8.487671232876712,172.35000000000002,4962637.0325,150.19134814235534,1.4496674550375064,0.37232847607097463,80.36363636363635,85.20954545454545,361.1,401.0,0
2026-06-29 08:50:42,五反田,1,1,1,close,20260629085042_五反田_1番線_1号車_1番ドア_閉動作.csv,79.12659090909091,113.61896942578778,358.25,9.2,349.05,9.95,10.325000000000001,91.2125,10.95,220,8.460730593607304,200.54999999999998,4217463.272500001,138.4568077137153,1.4636104030771293,0.5280913713947393,83.75636363636363,74.49681818181818,377.6,338.9,0
2026-06-29 08:53:41,五反田,1,1,1,open,20260629085341_五反田_1番線_1号車_1番ドア_開動作.csv,82.57386363636365,125.22635527526488,384.25,9.05,375.2,10.1,10.5,87.47500000000001,10.95,220,8.0486301369863,160.65,4950018.2625,150.00027670429023,1.4505451476563611,0.3770961340448875,80.30545454545455,84.84227272727273,370.7,397.8,0
2026-06-29 08:55:56,五反田,1,1,1,close,20260629085556_五反田_1番線_1号車_1番ドア_閉動作.csv,79.27409090909092,113.3519969611592,358.35,9.45,348.90000000000003,10.1875,10.625,89.6375,10.95,220,8.234474885844751,199.5,4209272.475000001,138.3222928690291,1.4603760681162274,0.5124037072994403,84.20272727272727,74.34545454545454,374.3,342.4,0
2026-06-29 09:01:03,五反田,1,1,1,open,20260629090103_五反田_1番線_1号車_1番ドア_開動作.csv,82.41386363636362,125.4980908984803,378.35,9.1,369.25,10.1,10.45,83.4375,10.95,220,8.465753424657533,216.54999999999998,4959199.462499999,150.1393210942302,1.45449996700002,0.37653968098856794,79.82227272727272,85.00545454545455,363.0,393.7,0
2026-06-29 09:03:11,五反田,1,1,1,close,20260629090311_五反田_1番線_1号車_1番ドア_閉動作.csv,79.31613636363636,113.16413442059822,369.75,9.15,360.6,10.1,10.5,89.825,10.95,220,8.108447488584474,203.24999999999997,4201377.5775,138.1925135700852,1.4553997307225586,0.5039118409265422,84.19,74.44227272727272,380.4,359.1,0
2026-06-29 09:07:11,五反田,1,1,1,open,20260629090711_五反田_1番線_1号車_1番ドア_開動作.csv,82.38068181818181,125.09278656984124,381.85,9.3,372.55,10.05,10.425,82.275,10.95,220,8.051598173515982,196.75,4935652.0375,149.7824488671365,1.4538825811463365,0.381070202396141,79.925,84.83636363636364,365.2,398.5,0
2026-06-29 09:09:22,五反田,1,1,1,close,20260629090922_五反田_1番線_1号車_1番ドア_閉動作.csv,79.24545454545455,113.45701820221983,355.6,9.1,346.5,10.100000000000001,10.5,90.85,10.95,220,8.423972602739726,200.8,4213514.15,138.39196886183296,1.4597940933940305,0.5133320574186233,83.86454545454544,74.62636363636364,374.8,336.4,0
2026-06-29 09:14:00,五反田,1,1,1,open,20260629091400_五反田_1番線_1号車_1番ドア_開動作.csv,82.55045454545456,125.17693577410094,384.79999999999995,9.0,375.79999999999995,10.100000000000001,10.55,82.6,10.95,220,8.356392694063924,161.29999999999995,4946445.415,149.94613297932875,1.4515851309795604,0.37284021092006103,80.03954545454545,85.06136363636364,365.7,403.9,0
2026-06-29 09:16:17,五反田,1,1,1,close,20260629091617_五反田_1番線_1号車_1番ドア_閉動作.csv,79.3409090909091,113.39501465749522,364.2,9.2,355.0,10.0,10.4,91.725,10.95,220,8.843835616438355,195.55,4213750.025,138.39584243952365,1.4537524575613947,0.49680116841488076,84.015,74.66681818181817,379.4,349.0,0
2026-06-29 09:19:26,五反田,1,1,1,open,20260629091926_五反田_1番線_1号車_1番ドア_開動作.csv,82.33977272727273,125.2642792529719,379.5,9.25,370.25,10.0,10.3,83.4625,10.95,220,8.709360730593605,217.0,4943615.1225000005,149.90322821589086,1.4576504245611213,0.38985388540542454,79.985,84.69454545454546,363.4,403.0,0
2026-06-29 09:23:07,五反田,1,1,1,close,20260629092307_五反田_1番線_1号車_1番ドア_閉動作.csv,79.32272727272728,113.44539498173553,357.55,9.25,348.3,10.15,10.649999999999999,89.92500000000001,10.95,220,8.60799086757991,206.05,4215629.595,138.42670517116792,1.4600163011134188,0.5156449174161062,83.92454545454547,74.72090909090909,375.1,340.0,0
2026-06-29 09:25:48,五反田,1,1,1,open,20260629092548_五反田_1番線_1号車_1番ドア_開動作.csv,82.51068181818181,125.2220039914153,386.55,9.15,377.40000000000003,10.0,10.350000000000001,85.9,10.95,220,8.364155251141552,190.8,4947483.837499999,149.96187147981072,1.4497741042626677,0.36981080521017073,80.21454545454546,84.80681818181816,371.6,401.5,0
2026-06-29 09:29:49,五反田,1,1,1,close,20260629092949_五反田_1番線_1号車_1番ドア_閉動作.csv,79.05590909090907,113.59415452546567,360.25,9.3,350.95,10.0,10.5,90.15,10.95,220,8.939954337899543,227.85,4213763.114999999,138.39605740246162,1.4712681483163423,0.5454459809958956,83.77363636363637,74.33818181818182,375.9,346.8,0
2026-06-29 09:33:07,五反田,1,1,1,open,20260629093307_五反田_1番線_1号車_1番ドア_開動作.csv,82.3040909090909,125.19919376588692,376.25,9.3,366.95,10.15,10.5,83.65,10.95,220,8.634474885844748,207.24999999999997,4938736.330000001,149.82924113803688,1.4574308453770821,0.38687447736258473,79.8209090909091,84.78727272727274,359.8,392.9,0
2026-06-29 09:37:56,五反田,1,1,1,close,20260629093756_五反田_1番線_1号車_1番ドア_閉動作.csv,79.16795454545455,113.14800628098388,355.9,9.3,346.59999999999997,10.1,10.525,90.975,10.95,220,7.965753424657533,195.50000000000003,4195407.9975,138.0943023888847,1.4611819042689356,0.5261535253182728,83.81727272727272,74.51863636363636,373.1,338.7,0
2026-06-29 09:40:16,五反田,1,1,1,open,20260629094016_五反田_1番線_1号車_1番ドア_開動作.csv,82.10636363636364,125.39709509994293,383.75,9.100000000000001,374.65,9.95,10.35,81.57499999999999,10.95,220,8.793835616438356,241.14999999999998,4942495.01,149.88624489622424,1.4643789449036877,0.39843209876547236,79.48045454545455,84.73227272727271,366.2,401.3,0
2026-06-29 09:44:01,五反田,1,1,1,close,20260629094401_五反田_1番線_1号車_1番ドア_閉動作.csv,79.3015909090909,113.25984087171936,360.35,9.35,351.0,10.1875,10.600000000000001,89.275,10.95,220,8.474885844748858,206.95,4205637.4525,138.26255413162306,1.4617370958897893,0.5256187053395047,84.03818181818181,74.56500000000001,373.6,347.1,0
2026-06-29 09:47:01,五反田,1,1,1,open,20260629094701_五反田_1番線_1号車_1番ドア_開動作.csv,82.44727272727272,125.3727666956649,386.4,9.2,377.2,10.0,10.350000000000001,83.1375,10.95,220,8.375342465753421,188.1,4953494.35,150.05293535646314,1.4528370613623394,0.3758037160300898,80.11363636363636,84.78090909090909,367.5,405.3,0
2026-06-29 09:53:49,五反田,1,1,1,close,20260629095349_五反田_1番線_1号車_1番ドア_閉動作.csv,79.39568181818183,113.2664887333834,364.0,9.399999999999999,354.6,10.15,10.600000000000001,90.2125,10.95,220,8.119863013698632,183.89999999999998,4209253.787500001,138.32198582063387,1.4507585189441567,0.48393326288628913,84.10045454545454,74.69090909090909,380.0,348.0,0
2026-06-29 09:56:25,五反田,1,1,1,open,20260629095625_五反田_1番線_1号車_1番ドア_開動作.csv,82.42636363636363,125.00816995284218,376.4,9.25,367.15,10.1,10.45,83.8625,10.95,220,8.130136986301371,187.15000000000003,4932652.554999999,149.73692923682094,1.4504579587386537,0.3727616203788382,79.92227272727273,84.93045454545455,360.5,392.3,0
2026-06-29 10:02:11,五反田,1,1,1,close,20260629100211_五反田_1番線_1号車_1番ドア_閉動作.csv,79.12931818181819,113.8294311758073,357.25,9.25,348.0,10.1375,10.6,89.35000000000001,10.95,220,9.122602739726027,232.29999999999998,4228089.447500001,138.63112348144364,1.4778382687964995,0.566379187416223,83.71363636363637,74.545,385.6,341.2,0
2026-06-29 10:08:52,五反田,1,1,1,open,20260629100852_五反田_1番線_1号車_1番ドア_開動作.csv,82.52863636363637,125.0710670631794,387.5,9.3,378.2,10.100000000000001,10.5,86.3,10.95,220,8.45068493150685,183.95,4939824.4799999995,149.84574614036808,1.4522570083321893,0.38119024232583154,80.36954545454545,84.68772727272727,375.8,399.2,0
2026-06-29 10:17:13,五反田,1,1,1,close,20260629101713_五反田_1番線_1号車_1番ドア_閉動作.csv,79.21772727272726,113.600579001078,356.65,9.399999999999999,347.25,10.2,10.625,89.525,10.95,220,8.86255707762557,206.05,4219718.7700000005,138.49382608490663,1.4681760258703855,0.5365044172800344,83.74136363636363,74.69409090909092,371.5,343.9,0
2026-06-29 10:23:25,五反田,1,1,1,open,20260629102325_五反田_1番線_1号車_1番ドア_開動作.csv,82.29659090909091,125.02001312413913,388.65,8.95,379.7,10.05,10.399999999999999,83.85,10.95,220,7.781735159817351,171.1,4928601.1625,149.67542402418033,1.4526394815644017,0.38118580525925694,80.07818181818182,84.51500000000001,376.8,400.5,0
2026-06-29 10:32:07,五反田,1,1,1,close,20260629103207_五反田_1番線_1号車_1番ドア_閉動作.csv,79.515,113.42366516937524,370.6,9.2,361.40000000000003,10.100000000000001,10.55,90.0625,10.95,220,8.241552511415525,194.75,4221263.87,138.51917934154298,1.4461458396721498,0.46836901622748917,84.49409090909091,74.5359090909091,383.0,358.2,0
2026-06-29 10:38:06,五反田,1,1,1,open,20260629103806_五反田_1番線_1号車_1番ドア_開動作.csv,82.54681818181818,125.36238494084998,386.04999999999995,9.25,376.79999999999995,10.1375,10.55,83.5125,10.95,220,8.786757990867581,230.40000000000003,4956535.045,150.09898317443725,1.4563031701248899,0.3823049283196833,80.18181818181816,84.91181818181818,366.9,405.2,0
2026-06-29 10:47:05,五反田,1,1,1,close,20260629104705_五反田_1番線_1号車_1番ドア_閉動作.csv,79.52886363636365,113.16636514875523,368.75,9.25,359.5,10.1,10.649999999999999,88.8625,10.95,220,8.021689497716896,174.45000000000002,4208922.5975,138.31654402952933,1.4458963999031516,0.47240799086089336,84.09818181818181,74.95954545454546,381.5,356.0,0
2026-06-29 10:54:12,五反田,1,1,1,open,20260629105412_五反田_1番線_1号車_1番ドア_開動作.csv,82.57159090909089,124.95853284814093,379.75,9.5,370.25,10.35,10.725,83.475,10.95,220,8.060502283105023,191.00000000000003,4935194.562499999,149.77550719933544,1.454917614561926,0.38347953415537095,80.18909090909091,84.95409090909092,366.6,392.9,0
2026-06-29 11:02:09,五反田,1,1,1,close,20260629110209_五反田_1番線_1号車_1番ドア_閉動作.csv,79.32045454545455,113.55448047592411,364.1,9.05,355.05,10.2,10.649999999999999,90.025,10.95,220,9.173972602739727,216.3,4220997.999999999,138.5148170610442,1.4729130355263744,0.5536635233530012,83.98772727272727,74.6531818181818,382.3,345.9,0
2026-06-29 11:08:17,五反田,1,1,1,open,20260629110817_五反田_1番線_1号車_1番ドア_開動作.csv,82.56477272727274,125.0599794187616,381.6,9.4,372.20000000000005,10.287500000000001,10.675,84.325,10.95,220,8.374657534246577,199.95000000000002,4940526.8325000005,149.85639842104598,1.4524116161581881,0.37022087111053104,80.11818181818182,85.01136363636364,366.1,397.1,0
2026-06-29 11:17:06,五反田,1,1,1,close,20260629111706_五反田_1番線_1号車_1番ドア_閉動作.csv,79.4925,113.46687672710722,360.85,9.0,351.85,10.25,10.600000000000001,90.5625,10.95,220,8.358447488584478,207.9,4222633.7275,138.54165319662727,1.454860007171155,0.4977789987375112,84.26363636363638,74.72136363636362,380.4,341.3,0
2026-06-29 11:23:50,五反田,1,1,1,open,20260629112350_五反田_1番線_1号車_1番ドア_開動作.csv,82.29727272727273,124.84268971141309,385.95,8.9,377.05,10.05,10.4,85.7,10.95,220,8.118949771689497,185.8,4918878.42,149.5277174062631,1.4529354152806926,0.38078651596518487,80.05181818181818,84.54272727272726,368.9,403.0,0
2026-06-29 11:32:07,五反田,1,1,1,close,20260629113207_五反田_1番線_1号車_1番ドア_閉動作.csv,79.6975,113.02221143580987,355.4,9.35,346.04999999999995,10.149999999999999,10.575,90.425,10.95,220,8.746803652968037,189.45000000000002,4207656.5925,138.29574029626116,1.4591660235097708,0.5145252252258166,84.96999999999998,74.425,378.4,341.2,0
2026-06-29 11:37:55,五反田,1,1,1,open,20260629113755_五反田_1番線_1号車_1番ドア_開動作.csv,82.29249999999999,125.03938188944895,379.4,9.25,370.15,10.1,10.45,83.65,10.95,220,8.318721461187213,196.85000000000002,4929518.5675,149.68935359452072,1.4553256914244708,0.38102385103810477,79.90636363636364,84.67863636363636,365.5,393.3,0
2026-06-29 11:47:04,五反田,1,1,1,close,20260629114704_五反田_1番線_1号車_1番ドア_閉動作.csv,79.32681818181818,113.40057252486402,360.85,9.25,351.6,10.100000000000001,10.575,89.3125,10.95,220,8.172602739726026,202.50000000000003,4213535.465000001,138.3923189046928,1.4522323574250737,0.48796318820779216,83.84772727272727,74.80590909090908,376.0,345.7,0
2026-06-29 11:53:35,五反田,1,1,1,open,20260629115335_五反田_1番線_1号車_1番ドア_開動作.csv,82.29636363636362,125.01429376622406,380.85,9.2,371.65000000000003,10.0,10.350000000000001,83.8375,10.95,220,8.109132420091324,180.85000000000005,4928278.325,149.6705218593039,1.4523028946744552,0.3782773356678124,79.84727272727272,84.74545454545455,367.8,393.9,0
2026-06-29 12:02:07,五反田,1,1,1,close,20260629120207_五反田_1番線_1号車_1番ドア_閉動作.csv,79.13340909090908,113.1662200028866,355.7,9.25,346.45,10.05,10.45,88.2875,10.95,220,7.931278538812786,189.4,4195111.7525,138.08942676429254,1.4547741700398653,0.4968021526269286,83.77363636363637,74.49318181818182,370.7,340.7,0
2026-06-29 12:08:17,五反田,1,1,1,open,20260629120817_五反田_1番線_1号車_1番ドア_開動作.csv,82.20954545454545,125.0101091358496,372.8,9.2,363.6,10.05,10.425,84.625,10.95,220,8.254566210045661,225.60000000000002,4924906.085,149.61930607378181,1.451759009537149,0.3705747755397746,79.435,84.98409090909091,361.1,385.9,0
2026-06-29 12:17:16,五反田,1,1,1,close,20260629121716_五反田_1番線_1号車_1番ドア_閉動作.csv,78.99227272727272,113.63140164712065,357.79999999999995,9.3,348.49999999999994,10.100000000000001,10.5,88.275,10.95,220,8.806164383561645,223.60000000000002,4213412.41,138.39029803750367,1.4732110634105422,0.5557754309691574,83.45,74.53454545454547,369.9,352.6,0
2026-06-29 12:23:25,五反田,1,1,1,open,20260629122325_五反田_1番線_1号車_1番ドア_開動作.csv,82.48727272727275,125.01959881561181,388.15,9.350000000000001,378.79999999999995,10.05,10.5,85.1625,10.95,220,8.363470319634702,189.24999999999997,4935491.055,149.78000617572428,1.450708709780457,0.37030505711061545,80.23363636363636,84.74090909090908,373.4,402.9,0
2026-06-29 12:32:09,五反田,1,1,1,close,20260629123209_五反田_1番線_1号車_1番ドア_閉動作.csv,78.96636363636362,113.46211744837028,355.5,9.35,346.15,10.100000000000001,10.6,90.175,10.95,220,9.1175799086758,239.05,4204054.51,138.23653164709458,1.475124305870006,0.5605859694994448,83.22772727272728,74.705,368.8,343.0,0
2026-06-29 12:38:08,五反田,1,1,1,open,20260629123808_五反田_1番線_1号車_1番ドア_開動作.csv,82.20431818181817,124.70116576326359,381.6,9.25,372.35,10.0,10.350000000000001,84.86250000000001,10.95,220,8.256621004566211,148.55,4907744.7475000005,149.35839671894763,1.4507162064469086,0.37328978444992256,79.73318181818182,84.67545454545454,363.1,401.3,0
2026-06-29 12:47:07,五反田,1,1,1,close,20260629124707_五反田_1番線_1号車_1番ドア_閉動作.csv,79.04431818181817,113.11932427545315,359.65,9.35,350.29999999999995,10.0,10.425,88.5,10.95,220,8.144063926940637,198.10000000000002,4189676.8674999997,137.99994841072817,1.4541926379501573,0.4888675354763099,83.32045454545455,74.76818181818182,377.4,341.9,0
2026-06-29 12:53:06,五反田,1,1,1,open,20260629125306_五反田_1番線_1号車_1番ドア_開動作.csv,81.81886363636363,124.5934829613329,385.35,9.05,376.3,9.9,10.25,84.0,10.95,220,8.137671232876713,219.89999999999998,4887929.7375,149.05657463923495,1.4574630928170718,0.3861588936454221,79.20545454545454,84.43227272727273,367.9,402.8,0
2026-06-29 13:02:09,五反田,1,1,1,close,20260629130209_五反田_1番線_1号車_1番ドア_閉動作.csv,78.83090909090909,113.09443187841224,362.95,9.45,353.5,10.2,10.625,88.21249999999999,10.95,220,9.134246575342468,234.6,4181025.8049999997,137.8574000552745,1.4788689678794011,0.5742915366078103,83.45318181818182,74.20863636363636,377.0,348.9,0
2026-06-29 13:07:54,五反田,1,1,1,open,20260629130754_五反田_1番線_1号車_1番ドア_開動作.csv,82.14659090909089,124.45264825961978,376.5,9.2,367.3,10.0,10.45,87.0875,10.95,220,7.911415525114155,149.0,4892035.2925,149.1191605958744,1.4486304869285884,0.3682991697797644,79.46318181818182,84.83000000000001,359.2,393.8,0
2026-06-29 13:17:05,五反田,1,1,1,close,20260629131705_五反田_1番線_1号車_1番ドア_閉動作.csv,78.78068181818182,113.12455394985346,357.3,9.149999999999999,348.15000000000003,10.05,10.6,88.73750000000001,10.95,220,9.203424657534244,224.10000000000002,4180783.3175,137.85340233048623,1.4775514901229714,0.5648810060837484,83.4409090909091,74.12045454545455,374.9,350.5,0
2026-06-29 13:23:32,五反田,1,1,1,open,20260629132332_五反田_1番線_1号車_1番ドア_開動作.csv,82.25681818181818,124.5536846608855,386.1,9.1,377.0,9.95,10.4,87.625,10.95,220,7.793835616438357,179.0,4901556.99,149.26421037877768,1.4411412648653679,0.3450571113064935,79.69363636363636,84.82,370.0,402.2,0
2026-06-29 13:32:08,五反田,1,1,1,close,20260629133208_五反田_1番線_1号車_1番ドア_閉動作.csv,79.03249999999998,112.84654463886706,357.9,9.25,348.65,10.0875,10.475,90.15,10.95,220,7.9652968036529685,202.45,4175705.3125000005,137.7696581006929,1.452223031332837,0.4897026768742121,83.8340909090909,74.23090909090911,374.5,341.3,0
2026-06-29 13:37:54,五反田,1,1,1,open,20260629133754_五反田_1番線_1号車_1番ドア_開動作.csv,82.05386363636364,124.39668777043114,378.3,9.3,369.0,9.95,10.35,86.9625,10.95,220,8.192922374429221,157.24999999999997,4885621.942499999,149.02138257951134,1.4467647045042933,0.35800207292005615,79.54681818181818,84.56090909090908,360.7,396.1,0
2026-06-29 13:47:13,五反田,1,1,1,close,20260629134713_五反田_1番線_1号車_1番ドア_閉動作.csv,78.93772727272729,113.13405045390817,363.75,9.5,354.25,10.15,10.625,89.6,10.95,220,8.975799086757991,220.45,4186705.195,137.95099912320646,1.4718797717707266,0.5552241777987454,83.58818181818182,74.28727272727274,374.5,353.0,0
2026-06-29 13:52:58,五反田,1,1,1,open,20260629135258_五反田_1番線_1号車_1番ドア_開動作.csv,81.87840909090909,124.39068786293636,383.54999999999995,8.9,374.65,10.0,10.3,86.375,10.95,220,8.490182648401825,233.40000000000003,4878965.762499999,148.91983448242456,1.454035503994693,0.3734250539768693,79.49318181818182,84.26363636363637,365.7,401.4,0
2026-06-29 14:02:06,五反田,1,1,1,close,20260629140206_五反田_1番線_1号車_1番ドア_閉動作.csv,78.65363636363637,112.7772869035353,359.95000000000005,9.3,350.65000000000003,10.149999999999999,10.55,88.35,10.95,220,8.478767123287671,211.80000000000004,4159124.41,137.4958579541415,1.4735354125796278,0.5609932417372976,83.37318181818183,73.93409090909091,371.9,349.6,0
2026-06-29 14:08:06,五反田,1,1,1,open,20260629140806_五反田_1番線_1号車_1番ドア_開動作.csv,81.8972727272727,124.30966051400605,382.4,9.2,373.2,9.95,10.350000000000001,83.275,10.95,220,7.798630136986302,181.55,4875212.095000001,148.86253718539373,1.4457142138495176,0.3525521504280902,79.18863636363636,84.60590909090911,367.5,397.3,0
2026-06-29 14:17:12,五反田,1,1,1,close,20260629141712_五反田_1番線_1号車_1番ドア_閉動作.csv,78.525,112.58420792899864,360.3,9.25,351.05,10.149999999999999,10.55,88.0125,10.95,220,8.90799086757991,218.64999999999998,4145103.4899999998,137.26390457800622,1.4695383315107986,0.5352654988371066,83.09454545454545,73.95545454545454,379.5,341.1,0
2026-06-29 14:23:17,五反田,1,1,1,open,20260629142317_五反田_1番線_1号車_1番ドア_開動作.csv,82.0409090909091,124.10948578899969,384.0,9.05,374.95,10.100000000000001,10.5,83.175,10.95,220,8.191552511415527,193.35000000000002,4869452.550000001,148.77457856526675,1.4489417937186264,0.3683229406213191,79.32863636363636,84.75318181818182,370.9,397.1,0
2026-06-29 14:32:18,五反田,1,1,1,close,20260629143218_五反田_1番線_1号車_1番ドア_閉動作.csv,78.64727272727274,112.98785812409702,354.9,8.899999999999999,346.0,9.9,10.35,89.4375,10.95,220,8.816666666666668,218.99999999999997,4169362.9099999997,137.6649904329677,1.4594601945482701,0.5012414123713405,83.26136363636363,74.03318181818182,371.6,338.2,0
2026-06-29 14:38:37,五反田,1,1,1,open,20260629143837_五反田_1番線_1号車_1番ドア_開動作.csv,81.93818181818183,124.29277166272908,375.2,8.95,366.25,10.0875,10.45,85.11249999999998,10.95,220,8.736529680365297,196.0,4875762.92,148.8709465519472,1.45506317946956,0.3825727831512582,79.34545454545454,84.53090909090909,359.4,405.7,0
2026-06-29 14:47:14,五反田,1,1,1,close,20260629144714_五反田_1番線_1号車_1番ドア_閉動作.csv,78.38318181818182,112.99748966987812,355.29999999999995,9.149999999999999,346.15,9.95,10.3,88.21249999999999,10.95,220,9.13744292237443,229.0,4160718.29,137.52220134813274,1.4769229546546143,0.5588508040375322,82.97363636363637,73.79272727272728,370.7,349.9,0
2026-06-29 14:53:03,五反田,1,1,1,open,20260629145303_五反田_1番線_1号車_1番ドア_開動作.csv,81.89363636363636,123.9327448859206,386.25,9.05,377.2,10.0,10.399999999999999,88.2,10.95,220,8.035388127853883,163.45,4854496.445,148.54592869485916,1.4469408322726238,0.36761002330562853,79.74772727272727,84.03954545454546,369.9,402.6,0
2026-06-29 15:02:05,五反田,1,1,1,close,20260629150205_五反田_1番線_1号車_1番ドア_閉動作.csv,78.56022727272727,112.11366998575873,363.6,9.45,354.15000000000003,10.25,10.65,88.83749999999999,10.95,220,8.65433789954338,216.14999999999998,4123060.5475000003,136.8984452315591,1.4702977913864252,0.5363516374744397,83.53363636363635,73.58681818181819,375.7,351.5,0
2026-06-29 15:08:18,五反田,1,1,1,open,20260629150818_五反田_1番線_1号車_1番ドア_開動作.csv,81.49499999999999,123.7840281865593,378.25,9.2,369.05,10.0,10.350000000000001,83.4875,10.95,220,7.940867579908675,168.15000000000003,4832062.545,148.20229640289287,1.4548004813743083,0.3843643982352698,78.86227272727271,84.12772727272728,367.4,389.1,0
2026-06-29 15:17:02,五反田,1,1,1,close,20260629151702_五反田_1番線_1号車_1番ドア_閉動作.csv,78.40954545454547,112.61668958249776,358.95000000000005,9.05,349.90000000000003,9.8,10.35,87.19999999999999,10.95,220,8.681506849315067,219.64999999999998,4142726.6299999994,137.22454441866108,1.4663787958139582,0.5243030519786296,83.08545454545454,73.73363636363636,377.6,340.3,0
2026-06-29 15:23:27,五反田,1,1,1,open,20260629152327_五反田_1番線_1号車_1番ドア_開動作.csv,81.73909090909092,123.84196892554387,376.65,9.45,367.2,9.95,10.375,81.8375,10.95,220,8.149999999999999,179.35,4843984.695,148.38501356269103,1.4516762518124142,0.37629962395276273,79.19272727272728,84.28545454545454,362.2,391.1,0
2026-06-29 15:30:22,五反田,1,1,1,close,20260629153022_五反田_1番線_1号車_1番ドア_閉動作.csv,78.60045454545454,112.57846899656954,354.65,9.05,345.59999999999997,9.9875,10.4,89.60000000000001,10.95,220,8.58675799086758,203.05,4147427.49,137.30237848035858,1.4598750784673258,0.514361445336156,83.15045454545455,74.05045454545454,374.0,335.3,0
2026-06-29 15:41:30,五反田,1,1,1,open,20260629154130_五反田_1番線_1号車_1番ドア_開動作.csv,81.76113636363637,124.30470343649895,370.75,9.149999999999999,361.6,9.9375,10.350000000000001,84.64999999999999,10.95,220,8.71415525114155,198.60000000000002,4870039.397500001,148.7835431622365,1.4535940918147383,0.37450896686514445,79.18045454545455,84.34181818181817,358.2,386.8,0
2026-06-29 15:48:09,五反田,1,1,1,close,20260629154809_五反田_1番線_1号車_1番ドア_閉動作.csv,78.75863636363636,112.90477833496583,356.4,9.0,347.4,10.15,10.575,89.175,10.95,220,8.857762557077626,232.95000000000002,4169090.59,137.66049459713295,1.4641892085286063,0.5236804962680504,83.50681818181818,74.01045454545454,375.5,337.3,0
2026-06-29 15:53:07,五反田,1,1,1,open,20260629155307_五反田_1番線_1号車_1番ドア_開動作.csv,81.91227272727271,124.05677351086324,378.75,9.45,369.3,10.100000000000001,10.475,87.42500000000001,10.95,220,8.731278538812784,188.5,4861934.765,148.65969015598253,1.4535878974232164,0.38133851414779985,79.35909090909091,84.46545454545455,361.6,408.5,0
2026-06-29 16:00:10,五反田,1,1,1,close,20260629160010_五反田_1番線_1号車_1番ドア_閉動作.csv,78.33454545454546,112.6240610384539,354.0,9.05,344.95,9.8,10.3,89.01250000000002,10.95,220,8.50890410958904,203.9,4140505.63,137.18775505256886,1.4674366211079344,0.5422717046610108,83.08454545454545,73.58454545454546,368.1,348.6,0
2026-06-29 16:11:36,五反田,1,1,1,open,20260629161136_五反田_1番線_1号車_1番ドア_開動作.csv,81.84704545454545,124.28720470198974,373.75,8.9,364.85,10.05,10.350000000000001,88.4125,10.95,220,8.585388127853882,225.70000000000005,4872174.5825,148.81615538063306,1.451615417855662,0.37018738422890474,79.30272727272727,84.39136363636364,359.5,391.4,0
2026-06-29 16:18:14,五反田,1,1,1,close,20260629161814_五反田_1番線_1号車_1番ドア_閉動作.csv,78.66477272727273,112.96711246055473,355.65,9.2,346.45,10.05,10.45,89.125,10.95,220,8.91027397260274,213.0,4168937.2924999995,137.65796368503018,1.4696213154291498,0.5435569422258388,83.26909090909089,74.06045454545455,374.1,342.2,0
2026-06-29 16:21:44,五反田,1,1,1,open,20260629162144_五反田_1番線_1号車_1番ドア_開動作.csv,81.75977272727273,124.21077296435642,377.15,9.05,368.09999999999997,9.9,10.225,83.1625,10.95,220,7.969406392694065,227.3,4864854.842500001,148.70432595193117,1.4519895717587212,0.3710271347525351,79.10772727272727,84.41181818181818,359.2,395.1,0
2026-06-29 16:30:08,五反田,1,1,1,close,20260629163008_五反田_1番線_1号車_1番ドア_閉動作.csv,78.76704545454545,112.7143702740279,353.0,9.3,343.7,10.1375,10.55,90.25,10.95,220,8.724657534246575,209.5,4159930.8775,137.50918775088846,1.461233408950528,0.5164175164134672,83.32499999999999,74.2090909090909,370.1,335.9,0
2026-06-29 16:32:45,五反田,1,1,1,open,20260629163245_五反田_1番線_1号車_1番ドア_開動作.csv,81.77931818181817,124.07293810492952,377.65,9.15,368.5,10.15,10.6,82.9625,10.95,220,8.66529680365297,228.25,4858029.187499999,148.59996922029535,1.4583172987121495,0.38688784135774545,79.1268181818182,84.4318181818182,361.6,393.7,0
2026-06-29 16:42:08,五反田,1,1,1,close,20260629164208_五反田_1番線_1号車_1番ドア_閉動作.csv,78.64090909090909,112.5097214348848,356.1,9.2,346.90000000000003,9.9,10.325000000000001,89.425,10.95,220,8.000684931506848,200.35000000000002,4145422.6000000006,137.26918809405117,1.4528183814859061,0.49196095041555576,83.19363636363636,74.08818181818182,373.4,338.8,0
2026-06-29 16:45:27,五反田,1,1,1,open,20260629164527_五反田_1番線_1号車_1番ドア_開動作.csv,81.59068181818182,123.89987138443921,376.1,8.95,367.15000000000003,10.05,10.45,82.3,10.95,220,8.005479452054793,205.45,4841807.8475,148.35166830418984,1.4519498265315645,0.3718532951681328,78.88363636363637,84.29772727272727,362.4,389.8,0
2026-06-29 16:54:10,五反田,1,1,1,close,20260629165410_五反田_1番線_1号車_1番ドア_閉動作.csv,78.73840909090909,112.97444407200284,355.05,9.45,345.6,10.2,10.6,88.75,10.95,220,8.742922374429222,227.75000000000003,4171851.6574999997,137.70607132419926,1.4701225591979752,0.5420368134855003,83.37954545454544,74.09727272727272,378.8,335.7,0
2026-06-29 16:54:40,五反田,1,1,1,open,20260629165440_五反田_1番線_1号車_1番ドア_開動作.csv,10.23818181818182,0.3950792367434476,11.75,9.100000000000001,2.6499999999999986,9.95,10.2,10.5,10.95,220,0.4228310502283105,1.4499999999999993,23094.82,10.24580180100389,0.41747606212421906,0.5931879221696099,9.780454545454544,10.695909090909092,11.3,12.7,0
2026-06-29 16:57:08,五反田,1,1,1,open,20260629165708_五反田_1番線_1号車_1番ドア_開動作.csv,81.57613636363638,123.8581351645339,381.54999999999995,9.15,372.4,10.037500000000001,10.399999999999999,83.875,10.95,220,8.044292237442924,191.9,4839010.8075,148.30881184358043,1.4550620461863746,0.3905978929520333,78.86045454545456,84.29181818181819,369.4,393.7,0
2026-06-29 17:04:55,五反田,1,1,1,close,20260629170455_五反田_1番線_1号車_1番ドア_閉動作.csv,78.64181818181818,112.54190109128099,357.5,9.15,348.35,10.1875,10.55,88.8125,10.95,220,8.915753424657533,209.4,4147047.315,137.29608540734807,1.4683513237111063,0.5331888580092885,83.02909090909091,74.25454545454545,374.6,340.4,0
2026-06-29 17:08:42,五反田,1,1,1,open,20260629170842_五反田_1番線_1号車_1番ドア_開動作.csv,81.5775,124.10666107544532,378.20000000000005,9.149999999999999,369.05000000000007,9.95,10.399999999999999,85.39999999999999,10.95,220,8.428995433789954,194.3,4852617.4025,148.51717688383877,1.4571136493627805,0.3931011355378873,79.02318181818181,84.13181818181818,358.3,401.4,0
2026-06-29 17:14:53,五反田,1,1,1,close,20260629171453_五反田_1番線_1号車_1番ドア_閉動作.csv,78.40750000000001,112.48500789246619,354.9,9.15,345.75,9.850000000000001,10.2,88.1625,10.95,220,8.127168949771688,205.84999999999997,4136134.8724999996,137.11532757798517,1.4631085473733907,0.5275824582191868,83.14999999999998,73.665,373.0,336.8,0
2026-06-29 17:18:06,五反田,1,1,1,open,20260629171806_五反田_1番線_1号車_1番ドア_開動作.csv,81.6743181818182,123.90297518985878,375.95,9.1,366.84999999999997,9.85,10.25,83.0,10.95,220,7.784246575342467,177.5,4844981.1325,148.40027463372041,1.4466935083297194,0.3648045514650411,78.96045454545454,84.3881818181818,361.5,390.4,0
2026-06-29 17:24:09,五反田,1,1,1,close,20260629172409_五反田_1番線_1号車_1番ドア_閉動作.csv,78.39909090909092,112.3542638835301,354.85,9.15,345.70000000000005,9.9375,10.399999999999999,88.45,10.95,220,8.362557077625569,206.59999999999997,4129377.5749999997,137.00327758189516,1.4665115223680307,0.5406179211444635,82.95272727272729,73.84545454545456,370.7,342.2,0
2026-06-29 17:27:21,五反田,1,1,1,open,20260629172721_五反田_1番線_1号車_1番ドア_開動作.csv,81.5434090909091,123.72448135314761,374.95,9.15,365.8,10.100000000000001,10.55,81.8,10.95,220,7.771689497716894,161.5,4830556.467499999,148.179198446586,1.4542754851557966,0.38146259538982896,78.70590909090909,84.38090909090909,361.0,388.9,0
2026-06-29 17:33:09,五反田,1,1,1,close,20260629173309_五反田_1番線_1号車_1番ドア_閉動作.csv,78.57886363636365,112.59702481165277,357.9,9.2,348.7,10.037500000000001,10.5,85.3,10.95,220,8.85867579908676,216.29999999999998,4147600.1175,137.3052359046012,1.4739598184433604,0.5604984558165111,83.3731818181818,73.78454545454545,374.6,347.1,0
2026-06-29 17:37:01,五反田,1,1,1,open,20260629173701_五反田_1番線_1号車_1番ドア_開動作.csv,81.7190909090909,123.9076179846425,383.3,9.149999999999999,374.15000000000003,9.95,10.3,83.6875,10.95,220,8.102739726027398,191.70000000000002,4846843.675,148.4287964434003,1.4509889602226202,0.3750499208310383,79.39181818181818,84.04636363636364,365.3,401.3,0
2026-06-29 17:41:49,五反田,1,1,1,close,20260629174149_五反田_1番線_1号車_1番ドア_閉動作.csv,78.61840909090908,112.59379873411368,352.75,8.899999999999999,343.85,9.95,10.45,88.8875,10.95,220,8.273744292237444,189.74999999999997,4148807.9074999997,137.32522623816658,1.455016439613168,0.4930081623387541,83.26,73.97681818181819,372.3,336.0,0
2026-06-29 17:44:45,五反田,1,1,1,open,20260629174445_五反田_1番線_1号車_1番ドア_開動作.csv,81.52113636363636,123.93812356861257,384.25,9.0,375.25,9.9,10.3,83.5125,10.95,220,8.112100456621002,240.35,4841397.9125,148.34538802311067,1.454246363155726,0.37811331801074477,78.88409090909092,84.15818181818183,365.3,403.2,0
2026-06-29 17:50:34,五反田,1,1,1,close,20260629175034_五反田_1番線_1号車_1番ドア_閉動作.csv,78.4765909090909,112.43459112550693,351.6,9.1,342.5,9.9,10.3,87.5375,10.95,220,8.123059360730597,201.3,4136024.7725000004,137.11350262564488,1.4602419754551776,0.5182696778989437,82.83136363636365,74.12181818181818,370.7,338.4,0
2026-06-29 17:53:58,五反田,1,1,1,open,20260629175358_五反田_1番線_1号車_1番ドア_開動作.csv,81.62818181818182,123.63439807595338,383.5,9.149999999999999,374.35,10.0,10.375,87.1625,10.95,220,7.917123287671233,156.35,4828697.38,148.1506815865032,1.451224570804174,0.37999855640094404,79.06545454545453,84.19090909090909,364.7,402.3,0
2026-06-29 17:58:31,五反田,1,1,1,close,20260629175831_五反田_1番線_1号車_1番ドア_閉動作.csv,78.64181818181818,112.73476636199774,352.85,8.95,343.90000000000003,10.037500000000001,10.475,89.725,10.95,220,8.461872146118722,211.29999999999998,4156605.885,137.4542218836379,1.4608214578446679,0.5128791489299833,83.25,74.03363636363638,372.0,352.5,0
2026-06-29 18:02:04,五反田,1,1,1,open,20260629180204_五反田_1番線_1号車_1番ドア_開動作.csv,81.53295454545454,124.31899554225129,371.65,8.899999999999999,362.75,9.787500000000001,10.25,85.3625,10.95,220,8.804337899543379,226.0,4862623.772500001,148.67022341257666,1.453527915892022,0.37340174275520477,78.83909090909091,84.22681818181819,359.4,383.9,0
2026-06-29 18:06:33,五反田,1,1,1,close,20260629180633_五反田_1番線_1号車_1番ドア_閉動作.csv,78.36613636363636,112.88905143015236,355.6,8.8,346.8,10.0,10.3,88.1,10.95,220,8.879452054794521,232.29999999999995,4154741.6374999993,137.42339415603018,1.4767151587002363,0.567843758610568,82.94000000000001,73.79227272727272,371.2,352.4,0
2026-06-29 18:09:08,五反田,1,1,1,open,20260629180908_五反田_1番線_1号車_1番ドア_開動作.csv,81.80454545454545,123.9100316111827,375.85,9.2,366.65000000000003,10.05,10.4,84.5375,10.95,220,8.057077625570777,175.35000000000005,4850049.510000001,148.47787576238116,1.4500881940350787,0.37622088030773027,79.3281818181818,84.28090909090909,358.2,393.5,0
2026-06-29 18:14:29,五反田,1,1,1,close,20260629181429_五反田_1番線_1号車_1番ドア_閉動作.csv,78.69931818181819,112.52292326854455,355.05,9.3,345.75,10.1375,10.649999999999999,89.25,10.95,220,8.614383561643836,192.55,4148098.0075000008,137.31347691753282,1.4588665445464253,0.5080573266274842,83.42636363636363,73.97227272727272,372.1,338.0,0
2026-06-29 18:18:09,五反田,1,1,1,open,20260629181809_五反田_1番線_1号車_1番ドア_開動作.csv,81.85431818181819,124.03756292125468,376.75,9.15,367.6,10.100000000000001,10.525,82.2625,10.95,220,8.514611872146117,213.10000000000002,4858798.212499999,148.61173042682245,1.4523636976919316,0.3713898732918768,79.32363636363637,84.38499999999999,360.3,396.3,0
2026-06-29 18:22:32,五反田,1,1,1,close,20260629182232_五反田_1番線_1号車_1番ドア_閉動作.csv,78.70522727272729,112.33328781897677,358.54999999999995,9.3,349.24999999999994,10.05,10.475,89.2625,10.95,220,8.030365296803652,195.2,4138921.6774999998,137.16151192033692,1.4533361917920307,0.4928074796890365,83.38045454545455,74.03000000000002,375.2,341.9,0
2026-06-29 18:26:50,五反田,1,1,1,open,20260629182650_五反田_1番線_1号車_1番ドア_開動作.csv,82.08363636363637,123.88213700366586,373.2,9.15,364.05,10.100000000000001,10.45,86.16250000000001,10.95,220,7.892009132420094,168.34999999999997,4858591.59,148.60857050410223,1.4434183406430157,0.3556178691934644,79.64500000000001,84.52227272727274,358.5,396.2,0
2026-06-29 18:30:32,五反田,1,1,1,close,20260629183032_五反田_1番線_1号車_1番ドア_閉動作.csv,78.52795454545453,112.27509216569861,366.05,8.899999999999999,357.15000000000003,9.850000000000001,10.35,89.95,10.95,220,8.21917808219178,175.75,4129913.9125,137.01217451711761,1.448552462895094,0.47798801160243753,83.0568181818182,73.99909090909091,379.5,352.6,0
2026-06-29 18:33:37,五反田,1,1,1,open,20260629183337_五反田_1番線_1号車_1番ドア_開動作.csv,81.62545454545456,124.15376348878739,371.54999999999995,9.3,362.24999999999994,10.05,10.5,82.5625,10.95,220,8.499543378995433,206.74999999999994,4856911.8,148.5828786172277,1.4588623686393136,0.39217381696903786,78.6218181818182,84.62909090909092,357.8,387.7,0
2026-06-29 18:38:32,五反田,1,1,1,close,20260629183832_五反田_1番線_1号車_1番ドア_閉動作.csv,78.64590909090909,112.51873705214577,357.25,9.4,347.85,10.05,10.45,88.625,10.95,220,8.6324200913242,214.79999999999995,4146041.9450000008,137.2794420317385,1.463443241304991,0.5196994797518735,83.24454545454547,74.04727272727273,382.9,339.6,0
2026-06-29 18:42:16,五反田,1,1,1,open,20260629184216_五反田_1番線_1号車_1番ドア_開動作.csv,81.75954545454546,124.04543797178344,371.15,9.0,362.15,9.95,10.3,84.8625,10.95,220,8.471461187214613,213.04999999999998,4855816.67,148.56612653813607,1.449737481479263,0.3666315523156234,79.07409090909091,84.44500000000001,360.4,391.1,0
2026-06-29 18:46:34,五反田,1,1,1,close,20260629184634_五反田_1番線_1号車_1番ドア_閉動作.csv,78.40181818181819,112.78894034822756,353.15,9.3,343.84999999999997,10.0,10.325,90.375,10.95,220,9.087899543378994,229.4,4151001.835,137.36153085595294,1.4745596918739068,0.5597515470946957,82.89681818181818,73.90681818181818,381.6,334.7,0
2026-06-29 18:50:30,五反田,1,1,1,open,20260629185030_五反田_1番線_1号車_1番ドア_開動作.csv,81.85318181818184,124.38600700993673,373.55,8.95,364.6,10.0,10.399999999999999,87.1875,10.95,220,8.759132420091325,218.3,4877800.865,148.90205543791652,1.4546358493244715,0.38371274663134924,79.34409090909091,84.36227272727271,358.1,396.1,0
2026-06-29 18:54:24,五反田,1,1,1,close,20260629185424_五反田_1番線_1号車_1番ドア_閉動作.csv,78.40204545454546,112.35561960658555,351.4,9.0,342.4,9.95,10.45,87.8625,10.95,220,8.31255707762557,210.75,4129546.5175,137.00608011557867,1.4586730900815028,0.5035649087556955,83.19181818181819,73.61227272727272,369.9,332.9,0
2026-06-29 18:58:20,五反田,1,1,1,open,20260629185820_五反田_1番線_1号車_1番ドア_開動作.csv,81.9140909090909,124.08308628272542,375.05,9.2,365.85,10.15,10.5,89.15,10.95,220,8.601826484018263,195.5,4863436.73,148.6826506049347,1.4533786300972273,0.3761742831738264,79.59318181818182,84.235,361.0,389.1,0
2026-06-29 19:02:34,五反田,1,1,1,close,20260629190234_五反田_1番線_1号車_1番ドア_閉動作.csv,78.85977272727271,112.39141176524437,352.5,9.5,343.0,10.2,10.600000000000001,90.875,10.95,220,8.4648401826484,204.8,4147152.5024999995,137.2978266149243,1.4574166589254174,0.5077169577831224,83.51181818181817,74.20772727272728,390.9,337.0,0
2026-06-29 19:06:51,五反田,1,1,1,open,20260629190651_五反田_1番線_1号車_1番ドア_開動作.csv,81.53477272727274,123.9621834103346,371.15,8.75,362.4,9.95,10.35,83.4,10.95,220,7.869863013698629,162.2,4843199.2575,148.3729829839161,1.4547346516140562,0.38508004081262737,78.81272727272727,84.25681818181818,358.8,385.4,0
2026-06-29 19:11:28,五反田,1,1,1,close,20260629191128_五反田_1番線_1号車_1番ドア_閉動作.csv,78.58454545454545,112.7743343515259,356.0,8.75,347.25,10.100000000000001,10.575,88.7625,10.95,220,9.190410958904112,227.39999999999998,4156587.88,137.45392418089514,1.4738219971736963,0.5538455509789815,83.45909090909093,73.71000000000001,373.7,352.5,0
2026-06-29 19:14:35,五反田,1,1,1,open,20260629191435_五反田_1番線_1号車_1番ドア_開動作.csv,81.82068181818181,124.04094949575261,378.2,9.25,368.95,10.0,10.45,82.4625,10.95,220,8.316210045662098,187.89999999999998,4857771.8475,148.59603334207816,1.4535185116715637,0.38678074579745525,79.35454545454546,84.28681818181818,364.7,391.7,0
2026-06-29 19:20:31,五反田,1,1,1,close,20260629192031_五反田_1番線_1号車_1番ドア_閉動作.csv,78.45886363636365,112.83379098189089,355.35,9.149999999999999,346.20000000000005,10.05,10.45,87.5,10.95,220,9.114383561643836,224.3,4155196.6875000005,137.43091963038938,1.4731184025647373,0.5523128871210381,83.20772727272725,73.71000000000001,372.3,345.9,0
2026-06-29 19:23:44,五反田,1,1,1,open,20260629192344_五反田_1番線_1号車_1番ドア_開動作.csv,81.69909090909093,123.96460317398125,379.4,9.25,370.15,10.15,10.55,81.3375,10.95,220,8.458675799086759,215.35000000000002,4849232.145,148.46536395891988,1.4560256557533215,0.3777436554413751,78.95181818181818,84.44636363636364,360.7,398.1,0
2026-06-29 19:29:03,五反田,1,1,1,close,20260629192903_五反田_1番線_1号車_1番ドア_閉動作.csv,78.77113636363637,112.76870333111668,359.5,9.149999999999999,350.35,10.1375,10.65,90.76249999999999,10.95,220,8.963242009132422,197.7,4162767.9225,137.556069931501,1.4658123362901616,0.5272165345013193,83.49909090909091,74.04318181818182,375.8,343.2,0
2026-06-29 19:32:04,五反田,1,1,1,open,20260629193204_五反田_1番線_1号車_1番ドア_開動作.csv,81.71613636363637,124.07460118844756,381.95,9.15,372.8,9.95,10.350000000000001,84.725,10.95,220,7.706164383561643,176.05,4855847.3925,148.56659652247785,1.4472888827233374,0.3590800696401826,79.00409090909092,84.4281818181818,366.7,397.2,0
2026-06-29 19:38:02,五反田,1,1,1,close,20260629193802_五反田_1番線_1号車_1番ドア_閉動作.csv,79.19,112.62480991811222,356.4,9.0,347.4,9.95,10.399999999999999,88.0,10.95,220,9.081963470319636,216.25,4170188.86,137.67862546194638,1.4642091119624228,0.5395918045187207,84.46363636363637,73.91636363636364,372.0,364.0,0
2026-06-29 19:41:08,五反田,1,1,1,open,20260629194108_五反田_1番線_1号車_1番ドア_開動作.csv,82.0875,124.11942632592721,379.65,9.2,370.45,10.1,10.45,86.08749999999999,10.95,220,8.400684931506849,200.34999999999997,4871677.7225,148.80856711805026,1.4467267642830388,0.36732258290754727,79.7031818181818,84.47181818181818,369.6,389.7,0
2026-06-29 19:47:08,五反田,1,1,1,close,20260629194708_五反田_1番線_1号車_1番ドア_閉動作.csv,78.87659090909091,112.83674856630026,354.5,8.85,345.65,10.15,10.6,89.75,10.95,220,8.667808219178083,206.7,4169802.6525000003,137.67225000142383,1.4598690646937431,0.5122761769672302,83.77909090909091,73.9740909090909,375.8,333.2,0
2026-06-29 19:49:54,五反田,1,1,1,open,20260629194954_五反田_1番線_1号車_1番ドア_開動作.csv,81.83500000000001,124.30948540382441,371.75,9.05,362.7,10.149999999999999,10.5,84.85,10.95,220,8.842465753424657,226.49999999999997,4872959.385,148.8281404384387,1.4563146469443655,0.3803339306507927,79.33500000000001,84.33500000000001,358.3,393.7,0
2026-06-29 19:56:02,五反田,1,1,1,close,20260629195602_五反田_1番線_1号車_1番ドア_閉動作.csv,78.73613636363636,112.9797255588145,353.65,9.149999999999999,344.5,10.05,10.5,89.03750000000001,10.95,220,8.698858447488586,227.20000000000002,4172035.4625000004,137.70910484357302,1.4625024488040512,0.5163293559735527,83.04818181818183,74.4240909090909,371.7,335.6,0
2026-06-29 20:01:12,五反田,1,1,1,open,20260629200112_五反田_1番線_1号車_1番ドア_開動作.csv,82.1390909090909,123.9360989824665,384.6,9.0,375.6,10.25,10.649999999999999,88.35,10.95,220,8.157077625570777,184.95,4863537.115,148.68418505800688,1.4437620091610965,0.35433968233917934,79.7909090909091,84.48727272727275,365.5,403.7,0
2026-06-29 20:06:07,五反田,1,1,1,close,20260629200607_五反田_1番線_1号車_1番ドア_閉動作.csv,78.7365909090909,112.65155252416795,356.85,9.2,347.65000000000003,10.05,10.45,90.1,10.95,220,8.297031963470321,199.65000000000003,4155761.0675,137.4402525975957,1.4539142336773296,0.4921547529879966,83.4859090909091,73.98727272727272,378.8,334.9,0
2026-06-29 20:09:26,五反田,1,1,1,open,20260629200926_五反田_1番線_1号車_1番ドア_開動作.csv,81.65386363636362,124.25237091602773,378.4,9.0,369.4,9.850000000000001,10.25,87.0375,10.95,220,8.693607305936073,233.84999999999997,4863321.1274999995,148.68088352239502,1.454462159225382,0.3790712858170906,79.03363636363635,84.27409090909092,362.5,394.3,0
2026-06-29 20:16:29,五反田,1,1,1,close,20260629201629_五反田_1番線_1号車_1番ドア_閉動作.csv,78.93068181818182,112.9552082464092,352.4,8.899999999999999,343.5,9.95,10.4,89.65,10.95,220,8.281506849315068,201.6,4177564.9525,137.8003323735931,1.4524560433059879,0.48473629847169253,83.60227272727273,74.25909090909092,382.1,337.1,0
2026-06-29 20:19:17,五反田,1,1,1,open,20260629201917_五反田_1番線_1号車_1番ドア_開動作.csv,81.93386363636364,124.14590966820066,377.04999999999995,9.3,367.74999999999994,10.2,10.55,85.78750000000001,10.95,220,8.455707762557077,213.00000000000003,4867580.2775,148.74597439166973,1.4538656706884499,0.37651366673148523,79.33727272727273,84.53045454545456,363.4,390.7,0
2026-06-29 20:27:29,五反田,1,1,1,close,20260629202729_五反田_1番線_1号車_1番ドア_閉動作.csv,78.97818181818182,112.64653608588576,364.55,9.05,355.5,10.1375,10.625,87.525,10.95,220,8.421917808219177,229.29999999999998,4163894.9650000003,137.5746898795507,1.460741317801583,0.5069475728621677,83.81863636363636,74.13772727272728,380.5,348.6,0
2026-06-29 20:30:59,五反田,1,1,1,open,20260629203059_五反田_1番線_1号車_1番ドア_開動作.csv,81.92818181818183,124.1068316424627,383.15,9.15,374.0,10.05,10.45,85.4,10.95,220,7.821461187214611,166.59999999999997,4865241.180000001,148.71023043611908,1.450025029384981,0.3724948946064526,79.74363636363636,84.11272727272727,366.0,400.3,0
2026-06-29 20:38:27,五反田,1,1,1,close,20260629203827_五反田_1番線_1号車_1番ドア_閉動作.csv,78.80636363636363,112.85657442666914,356.75,9.1,347.65,10.05,10.5,88.8625,10.95,220,8.549315068493149,204.05,4168350.855,137.6482812857069,1.46574487325552,0.535393217040359,83.72454545454545,73.88818181818182,372.8,351.3,0
2026-06-29 20:42:40,五反田,1,1,1,open,20260629204240_五反田_1番線_1号車_1番ドア_開動作.csv,82.03181818181818,124.34400645848902,377.65,9.25,368.4,10.100000000000001,10.45,83.4,10.95,220,8.717808219178082,173.34999999999997,4881943.25,148.96526822170205,1.4506282428439319,0.3675094137402879,79.65999999999998,84.40363636363638,358.0,397.3,0
2026-06-29 20:48:57,五反田,1,1,1,close,20260629204857_五反田_1番線_1号車_1番ドア_閉動作.csv,78.73931818181818,112.65130254659383,352.75,9.3,343.45,10.100000000000001,10.5,88.125,10.95,220,8.262785388127854,202.89999999999998,4155843.1625,137.4416101229239,1.457428321259277,0.49523639336282477,83.56363636363636,73.915,368.9,336.6,0
2026-06-29 20:54:01,五反田,1,1,1,open,20260629205401_五反田_1番線_1号車_1番ドア_開動作.csv,81.66977272727271,124.33090938899224,372.8,9.25,363.55,9.95,10.3,83.5875,10.95,220,8.199543378995433,176.50000000000003,4868187.897500001,148.75525808124627,1.4547785718194337,0.38039884580284156,78.97636363636363,84.36318181818181,358.6,388.0,0
2026-06-29 20:59:54,五反田,1,1,1,close,20260629205954_五反田_1番線_1号車_1番ドア_閉動作.csv,78.41568181818182,113.04617617267024,363.75,9.25,354.5,10.149999999999999,10.45,88.425,10.95,220,9.159589041095892,228.80000000000004,4164260.5625000005,137.58072940013338,1.4835448241095985,0.5859665103495821,82.95045454545453,73.8809090909091,383.3,344.2,0
2026-06-29 21:04:38,五反田,1,1,1,open,20260629210438_五反田_1番線_1号車_1番ドア_開動作.csv,82.10249999999998,124.33900052102793,383.95000000000005,9.05,374.90000000000003,10.0,10.35,85.5125,10.95,220,8.157077625570778,191.89999999999998,4884221.6625,149.0000253584481,1.444722479877037,0.3550155279975695,79.475,84.72999999999999,364.6,403.3,0
2026-06-29 21:11:23,五反田,1,1,1,close,20260629211123_五反田_1番線_1号車_1番ドア_閉動作.csv,78.92727272727272,112.62805431967077,360.1,9.3,350.8,10.05,10.55,89.05,10.95,220,8.139954337899544,211.25,4161210.46,137.53033483562817,1.454243918165497,0.494973507044544,83.53227272727274,74.32227272727272,377.6,342.6,0
2026-06-29 21:16:12,五反田,1,1,1,open,20260629211612_五反田_1番線_1号車_1番ドア_開動作.csv,82.18772727272729,124.45025999577715,385.05,9.1,375.95,10.0,10.399999999999999,89.14999999999999,10.95,220,8.168036529680366,196.40000000000003,4893391.74,149.13983279886273,1.448746144217001,0.3707221017951299,79.70136363636364,84.6740909090909,368.0,402.1,0
2026-06-29 21:23:21,五反田,1,1,1,close,20260629212321_五反田_1番線_1号車_1番ドア_閉動作.csv,78.80318181818183,112.77414471920751,357.65,8.850000000000001,348.79999999999995,10.05,10.5,87.58749999999999,10.95,220,8.36780821917808,195.5,4164148.82,137.57888348804906,1.4524177407581507,0.4812542451711552,83.57636363636365,74.02999999999999,375.1,340.2,0
2026-06-29 21:29:06,五反田,1,1,1,open,20260629212906_五反田_1番線_1号車_1番ドア_開動作.csv,82.11818181818182,124.36153010244563,378.75,9.5,369.25,10.3,10.7,85.1375,10.95,220,8.629223744292238,241.90000000000003,4886020.91,149.02746711443987,1.4564593489386768,0.3784289518651085,79.59136363636362,84.64500000000001,357.1,400.4,0
2026-06-29 21:37:51,五反田,1,1,1,close,20260629213751_五反田_1番線_1号車_1番ドア_閉動作.csv,78.82090909090908,113.03865597497212,356.4,9.399999999999999,347.0,10.100000000000001,10.45,89.26249999999999,10.95,220,8.772374429223746,202.05,4177904.16,137.80592677583013,1.4628183638492454,0.518077078152233,83.43818181818183,74.20363636363636,372.1,340.7,0
2026-06-29 21:44:40,五反田,1,1,1,open,20260629214440_五反田_1番線_1号車_1番ドア_開動作.csv,81.80340909090908,124.29446734822149,373.2,9.1,364.09999999999997,9.9,10.35,84.8,10.95,220,7.778995433789955,175.00000000000003,4871000.7175,148.79822697960057,1.4511323417422832,0.3717613213895148,79.11181818181818,84.495,357.7,391.3,0
2026-06-29 21:52:48,五反田,1,1,1,close,20260629215248_五反田_1番線_1号車_1番ドア_閉動作.csv,78.90295454545453,112.94811672097997,355.0,9.25,345.75,10.1,10.5,89.025,10.95,220,8.437442922374428,203.0,4176249.7275,137.7786387899742,1.4570844352303411,0.5018075456298239,83.50909090909092,74.29681818181818,372.5,337.5,0
2026-06-29 22:00:41,五反田,1,1,1,open,20260629220041_五反田_1番線_1号車_1番ドア_開動作.csv,82.1015909090909,124.5323118337198,379.65,9.15,370.5,10.100000000000001,10.55,84.48749999999998,10.95,220,8.131963470319635,183.49999999999997,4894772.9425,149.1608793231474,1.4503190380005908,0.3677623296494339,79.53272727272727,84.67045454545455,371.4,387.9,0
2026-06-29 22:07:19,五反田,1,1,1,close,20260629220719_五反田_1番線_1号車_1番ドア_閉動作.csv,78.69363636363636,113.00439695972634,353.65,9.15,344.5,10.05,10.5,89.05,10.95,220,8.709360730593605,207.6,4171790.0700000003,137.70505486859818,1.4700707420159567,0.5431054368766941,83.35318181818181,74.0340909090909,371.5,336.9,0
2026-06-29 22:14:25,五反田,1,1,1,open,20260629221425_五反田_1番線_1号車_1番ドア_開動作.csv,81.91977272727271,124.2879426516696,376.2,9.3,366.9,10.1,10.5,83.13749999999999,10.95,220,8.213013698630139,189.94999999999996,4874835.2075,148.85678302406217,1.4540647880446584,0.3789308707090653,79.26,84.57954545454545,361.5,404.9,0
2026-06-29 22:22:24,五反田,1,1,1,close,20260629222224_五反田_1番線_1号車_1番ドア_閉動作.csv,78.72818181818182,113.02510783555869,360.15,9.149999999999999,351.0,10.05,10.45,87.425,10.95,220,9.107990867579906,228.8,4174016.3550000004,137.74179327145544,1.4736145299569021,0.54618598463732,83.5209090909091,73.93545454545453,379.1,341.2,0
2026-06-29 22:28:54,五反田,1,1,1,open,20260629222854_五反田_1番線_1号車_1番ドア_開動作.csv,81.9140909090909,124.46944643928013,378.5,9.25,369.25,10.0,10.35,83.42500000000001,10.95,220,8.340182648401825,162.50000000000003,4884563.505,149.00523945943524,1.453469535293366,0.3759763852883422,79.34454545454545,84.48363636363636,364.3,392.7,0
2026-06-29 22:37:23,五反田,1,1,1,close,20260629223723_五反田_1番線_1号車_1番ドア_閉動作.csv,78.7934090909091,113.240585860836,358.04999999999995,9.100000000000001,348.94999999999993,10.05,10.475,89.225,10.95,220,9.031050228310503,217.04999999999995,4187002.9525,137.95590455748072,1.4723853142695449,0.5489438726913884,83.52,74.06681818181819,375.7,349.9,0
2026-06-29 22:43:49,五反田,1,1,1,open,20260629224349_五反田_1番線_1号車_1番ドア_開動作.csv,81.90613636363636,124.61227201742628,375.5,9.35,366.15,10.037500000000001,10.4,83.61250000000001,10.95,220,8.353196347031961,188.95000000000002,4892103.3725,149.12019820052424,1.455381825399384,0.3814745441679426,79.43318181818181,84.37909090909092,360.6,391.5,0
2026-06-29 22:52:22,五反田,1,1,1,close,20260629225222_五反田_1番線_1号車_1番ドア_閉動作.csv,79.14772727272727,113.43938747718249,356.65,9.45,347.2,10.15,10.55,90.375,10.95,220,9.038356164383561,223.6,4209228.62,138.32157230033343,1.4647933870587708,0.526519278716588,83.86727272727272,74.42818181818183,372.5,354.9,0
2026-06-29 23:00:51,五反田,1,1,1,open,20260629230051_五反田_1番線_1号車_1番ドア_開動作.csv,81.81522727272728,124.78727028406524,375.6,8.8,366.8,10.0,10.375,84.47500000000001,10.95,220,8.687899543378997,226.8,4898430.7325,149.21660175274187,1.4629345962602747,0.39896679063130014,79.2390909090909,84.39136363636365,363.1,393.4,0
2026-06-29 23:08:23,五反田,1,1,1,close,20260629230823_五反田_1番線_1号車_1番ドア_閉動作.csv,78.93386363636363,113.23923710076477,358.95000000000005,9.0,349.95000000000005,9.95,10.399999999999999,88.9375,10.95,220,8.539726027397261,202.79999999999998,4191809.5225,138.03506673207093,1.4595379110170625,0.5154440330841461,83.41363636363636,74.45409090909092,377.6,341.9,0
2026-06-29 23:13:52,五反田,1,1,1,open,20260629231352_五反田_1番線_1号車_1番ドア_開動作.csv,82.16568181818182,124.7339469248216,381.1,9.0,372.1,10.05,10.45,86.92500000000001,10.95,220,8.693607305936075,224.24999999999997,4908146.4925,149.36450978760286,1.453384413056349,0.37460539559155537,79.81863636363636,84.51272727272725,365.5,396.7,0
2026-06-29 23:25:56,五反田,1,1,1,close,20260629232556_五反田_1番線_1号車_1番ドア_閉動作.csv,79.04045454545454,113.25812523440237,357.79999999999995,9.05,348.74999999999994,10.05,10.55,90.525,10.95,220,8.788812785388126,209.2,4196455.205000001,138.11153603650797,1.4642920793192105,0.5295079418420605,83.56772727272727,74.51318181818182,375.2,340.4,0
2026-06-29 23:28:50,五反田,1,1,1,open,20260629232850_五反田_1番線_1号車_1番ドア_開動作.csv,82.01522727272727,124.73549736230292,376.25,9.100000000000001,367.15,10.037500000000001,10.399999999999999,82.66250000000001,10.95,220,8.584931506849315,220.65000000000003,4902797.1975,149.2830928364568,1.455328109615811,0.37882685946537675,79.57454545454544,84.45590909090909,360.4,392.1,0
2026-06-29 23:35:59,五反田,1,1,1,close,20260629233559_五反田_1番線_1号車_1番ドア_閉動作.csv,79.40681818181818,113.0315297881068,365.79999999999995,8.95,356.84999999999997,10.15,10.600000000000001,87.7375,10.95,220,7.855251141552511,194.10000000000002,4197945.29,138.13605430878647,1.4388466648769362,0.4402531085768331,83.95363636363636,74.86,380.9,350.7,0
2026-06-29 23:43:43,五反田,1,1,1,open,20260629234343_五反田_1番線_1号車_1番ドア_開動作.csv,82.39318181818182,124.68266300297087,385.55,9.100000000000001,376.45,10.1,10.425,84.44999999999999,10.95,220,7.285159817351597,180.70000000000005,4913568.63,149.4469901457917,1.441526386858905,0.3467720119502147,79.925,84.86136363636363,365.6,405.5,0
2026-06-29 23:53:21,五反田,1,1,1,close,20260629235321_五反田_1番線_1号車_1番ドア_閉動作.csv,79.26590909090909,113.10357299472707,368.4,9.15,359.25,10.15,10.55,90.975,10.95,220,8.261872146118723,198.1,4196610.5649999995,138.1140925763255,1.4475534777664067,0.47341578735812995,83.93363636363637,74.59818181818181,381.9,354.9,0
2026-06-29 23:59:43,五反田,1,1,1,open,20260629235943_五反田_1番線_1号車_1番ドア_開動作.csv,82.34931818181818,124.84100037461701,385.35,9.25,376.1,10.149999999999999,10.55,85.4,10.95,220,8.380365296803653,205.64999999999998,4920670.827500001,149.55495839170783,1.4524191417551444,0.3727313233390439,79.94045454545456,84.75818181818181,365.6,405.1,0
2026-06-30 00:10:27,五反田,1,1,1,close,20260630001027_五反田_1番線_1号車_1番ドア_閉動作.csv,79.015,113.08181984539094,358.3,9.2,349.1,10.0,10.35,88.01250000000002,10.95,220,8.365753424657536,197.8,4186791.005,137.9524128261099,1.4575246938376156,0.5098505294649534,83.89954545454546,74.13045454545455,378.8,337.8,0
2026-06-30 00:18:01,五反田,1,1,1,open,20260630001801_五反田_1番線_1号車_1番ドア_開動作.csv,81.81681818181819,124.69896000464347,385.55,8.65,376.90000000000003,9.95,10.35,82.6125,10.95,220,8.634703196347031,238.3,4893640.92,149.1436299800845,1.4616020920016146,0.3956381393422981,78.97181818181818,84.66181818181818,363.3,407.8,0
2026-06-30 00:25:37,五反田,1,1,1,close,20260630002537_五反田_1番線_1号車_1番ドア_閉動作.csv,78.82522727272728,113.21833598062231,355.4,8.899999999999999,346.5,10.0,10.375,88.4125,10.95,220,8.614611872146117,200.64999999999998,4186997.7725,137.95581922056851,1.464830785207428,0.5287472576098193,83.31363636363638,74.33681818181817,375.2,335.6,0
2026-06-30 00:28:21,五反田,1,1,1,open,20260630002821_五反田_1番線_1号車_1番ドア_開動作.csv,82.15431818181818,124.52390183848472,383.85,9.05,374.8,10.0875,10.475,85.475,10.95,220,8.077397260273974,182.40000000000003,4896217.507499999,149.18288817756545,1.4480900170041682,0.36422399455079013,79.56954545454545,84.7390909090909,364.1,403.6,0
2026-06-30 00:33:08,五反田,1,1,1,close,20260630003308_五反田_1番線_1号車_1番ドア_閉動作.csv,79.36295454545454,113.08520592053075,366.95,9.149999999999999,357.8,10.037500000000001,10.45,89.95,10.95,220,8.086529680365299,197.85,4199083.3175,138.1547767986063,1.4448310022860302,0.4658162500500085,84.05772727272728,74.66818181818182,382.4,351.5,0
2026-06-30 00:48:58,五反田,1,1,1,open,20260630004858_五反田_1番線_1号車_1番ドア_開動作.csv,82.13795454545456,124.69810544925811,379.3,9.3,370.0,10.15,10.5,84.3125,10.95,220,8.421461187214614,174.80000000000007,4905177.4375,149.3193258742667,1.4551644935951458,0.379648289185726,79.50545454545455,84.77045454545454,361.6,397.0,0
2026-06-30 04:36:51,五反田,1,1,1,close,20260630043651_五反田_1番線_1号車_1番ドア_閉動作.csv,150.965,136.46687794113268,383.65,9.25,374.4,10.4875,88.725,310.79999999999995,10.95,220,15.72579908675799,212.39999999999998,9111000.8,203.5034152047577,0.41184342504111526,-1.5433180269943603,153.53181818181818,148.39818181818183,387.3,395.8,0
2026-06-30 04:37:04,五反田,1,1,1,close,20260630043704_五反田_1番線_1号車_1番ドア_閉動作.csv,78.72545454545455,112.65957979793788,361.65,9.35,352.29999999999995,10.1,10.525,87.19999999999999,10.95,220,8.54474885844749,211.45,4155773.185,137.44045297377465,1.4704366999379685,0.5414495628723408,83.59272727272727,73.85818181818182,377.6,345.7,0
2026-06-30 04:57:05,五反田,1,1,1,open,20260630045705_五反田_1番線_1号車_1番ドア_開動作.csv,82.40545454545455,125.10095011728701,385.45,9.2,376.25,10.05,10.45,82.66250000000001,10.95,220,7.746575342465753,177.75,4936999.465,149.80289269266768,1.4460586647661418,0.3537251407554205,79.84863636363634,84.96227272727273,372.2,398.7,0
2026-06-30 04:57:23,五反田,1,1,1,close,20260630045723_五反田_1番線_1号車_1番ドア_閉動作.csv,79.02386363636364,112.8675563782595,366.4,9.3,357.09999999999997,10.05,10.5,89.71249999999999,10.95,220,8.379223744292236,230.09999999999997,4176448.3875,137.78191574665445,1.460996412316898,0.5118851946577627,84.04772727272727,74.0,382.2,350.6,0
2026-06-30 05:30:21,五反田,1,1,1,open,20260630053021_五反田_1番線_1号車_1番ドア_開動作.csv,82.35704545454547,125.22517031294876,381.5,9.0,372.5,10.05,10.399999999999999,84.625,10.95,220,8.2837899543379,193.55000000000004,4942085.7675,149.8800394178928,1.455391726035883,0.38265280182382266,79.87681818181817,84.83727272727275,375.4,387.6,0
2026-06-30 05:35:52,五反田,1,1,1,close,20260630053552_五反田_1番線_1号車_1番ドア_閉動作.csv,79.43977272727273,113.31818175322722,362.75,9.05,353.7,10.15,10.575,89.1625,10.95,220,8.372602739726027,213.54999999999998,4213371.317500001,138.38962319053473,1.4536680210579394,0.4931039458237487,84.43090909090908,74.44863636363637,380.9,344.6,0
2026-06-30 06:06:33,五反田,1,1,1,open,20260630060633_五反田_1番線_1号車_1番ドア_開動作.csv,82.49181818181818,125.37242193982634,375.54999999999995,9.3,366.24999999999994,10.0,10.399999999999999,82.525,10.95,220,8.537214611872145,179.7,4955091.735,150.07712767107452,1.4531044459768512,0.37338786588660744,80.03454545454545,84.94909090909088,361.8,390.3,0
2026-06-30 06:10:15,五反田,1,1,1,close,20260630061015_五反田_1番線_1号車_1番ドア_閉動作.csv,78.8709090909091,113.51593418022827,358.4,9.15,349.25,9.850000000000001,10.350000000000001,88.5,10.95,220,9.133105022831048,226.35,4203427.274999999,138.22621898046825,1.4770337598126455,0.5642004011256674,83.61227272727272,74.12954545454545,375.7,342.1,0
2026-06-30 06:25:42,五反田,1,1,1,open,20260630062542_五反田_1番線_1号車_1番ドア_開動作.csv,82.3547727272727,125.12492162359977,379.1,9.3,369.8,10.2,10.6,83.02499999999999,10.95,220,8.5162100456621,229.40000000000003,4936482.012499999,149.7950419816114,1.4580956318489833,0.3812080731622891,79.78136363636364,84.92818181818183,361.1,397.1,0
2026-06-30 06:33:46,五反田,1,1,1,close,20260630063346_五反田_1番線_1号車_1番ドア_閉動作.csv,79.02340909090908,113.39467674180347,358.8,8.899999999999999,349.90000000000003,10.1,10.55,87.625,10.95,220,8.825114155251141,216.1,4202671.4174999995,138.2137905482925,1.4659998911968588,0.5316314479640489,83.60909090909091,74.43772727272727,375.1,347.2,0
2026-06-30 06:37:26,五反田,1,1,1,open,20260630063726_五反田_1番線_1号車_1番ドア_開動作.csv,82.24477272727273,124.74811624536271,381.2,9.0,372.2,10.05,10.45,84.0375,10.95,220,8.247945205479454,168.35000000000002,4911784.932499999,149.41986195860065,1.4509620843237154,0.3733114299608662,79.74363636363637,84.74590909090908,362.7,399.7,0
2026-06-30 06:45:49,五反田,1,1,1,close,20260630064549_五反田_1番線_1号車_1番ドア_閉動作.csv,79.22090909090909,113.16184395124657,363.05,9.45,353.6,10.287500000000001,10.625,88.3125,10.95,220,8.971917808219178,226.95,4197942.18,138.13600314051496,1.4721393903598383,0.5558494336728117,83.9581818181818,74.48363636363636,379.5,352.6,0
2026-06-30 06:48:45,五反田,1,1,1,open,20260630064845_五反田_1番線_1号車_1番ドア_開動作.csv,81.85977272727273,124.52227331775258,372.3,9.0,363.3,10.05,10.45,84.88749999999999,10.95,220,7.974657534246575,172.3,4885500.1674999995,149.0195253756427,1.456257772845663,0.38687654894409107,79.1009090909091,84.61863636363637,360.1,385.8,0
2026-06-30 06:54:50,五反田,1,1,1,close,20260630065450_五反田_1番線_1号車_1番ドア_閉動作.csv,78.97568181818181,113.21157330008526,359.4,9.100000000000001,350.29999999999995,9.95,10.399999999999999,88.7,10.95,220,8.60821917808219,201.89999999999995,4191884.1025,138.03629467544857,1.4615297140182628,0.5114687816629746,83.63772727272728,74.31363636363636,376.0,342.8,0
2026-06-30 06:57:55,五反田,1,1,1,open,20260630065755_五反田_1番線_1号車_1番ドア_開動作.csv,82.0156818181818,124.58723483417565,375.95000000000005,9.25,366.70000000000005,9.95,10.3,83.0125,10.95,220,8.114383561643836,150.20000000000002,4894681.2524999995,149.15948225884694,1.4522265026334802,0.37713186768972395,79.34590909090909,84.68545454545455,360.5,391.6,0
2026-06-30 07:01:16,五反田,1,1,1,close,20260630070116_五反田_1番線_1号車_1番ドア_閉動作.csv,79.01931818181818,112.824302374769,365.70000000000005,9.1,356.6,10.0,10.525,86.89999999999999,10.95,220,7.992237442922375,191.34999999999997,4174142.6875000005,137.7438777306372,1.4577709693721266,0.5070382282763632,83.52681818181819,74.51181818181817,378.6,352.8,0
2026-06-30 07:04:00,五反田,1,1,1,open,20260630070400_五反田_1番線_1号車_1番ドア_開動作.csv,82.05931818181818,124.62625787452598,381.3,8.850000000000001,372.45,10.05,10.4,82.95,10.95,220,8.51415525114155,205.19999999999996,4898395.887499999,149.21607102545195,1.455842717411203,0.3838721114544774,79.55045454545454,84.56818181818181,364.8,397.8,0
2026-06-30 07:08:52,五反田,1,1,1,close,20260630070852_五反田_1番線_1号車_1番ドア_閉動作.csv,78.81227272727273,112.81975944889902,361.35,9.25,352.1,9.9,10.3,86.65,10.95,220,8.663470319634705,193.3,4166727.94,137.62148253287148,1.4651647844656674,0.5252333177138278,83.41727272727272,74.20727272727272,376.8,345.9,0
2026-06-30 07:13:03,五反田,1,1,1,open,20260630071303_五反田_1番線_1号車_1番ドア_開動作.csv,82.01136363636364,124.66386143602521,383.2,9.2,374.0,9.9,10.35,84.3125,10.95,220,8.272602739726027,180.70000000000002,4898727.265000001,149.22111818920393,1.4561901450916064,0.3882857120561596,79.54681818181818,84.4759090909091,362.9,403.5,0
2026-06-30 07:16:45,五反田,1,1,1,close,20260630071645_五反田_1番線_1号車_1番ドア_閉動作.csv,79.01431818181818,112.79915230576319,360.4,9.25,351.15,10.2,10.600000000000001,88.72500000000001,10.95,220,8.605022831050226,205.20000000000002,4172720.4725,137.7204096662378,1.4649972832946576,0.532011096081026,83.78500000000003,74.24363636363637,379.0,341.8,0
2026-06-30 07:19:59,五反田,1,1,1,open,20260630071959_五反田_1番線_1号車_1番ドア_開動作.csv,82.00227272727273,124.50330123158174,380.45,9.05,371.4,10.05,10.399999999999999,81.35,10.95,220,7.509360730593608,177.4,4889597.844999999,149.08200679491807,1.451299767321654,0.375181146887027,79.4590909090909,84.54545454545455,371.7,389.2,0
2026-06-30 07:23:47,五反田,1,1,1,close,20260630072347_五反田_1番線_1号車_1番ドア_閉動作.csv,78.92954545454548,112.72134725537181,359.55,9.15,350.40000000000003,10.2,10.600000000000001,88.98750000000001,10.95,220,8.773972602739725,227.5,4165914.56,137.6080494474334,1.4733080726442387,0.5706091961884279,83.84863636363637,74.01045454545455,374.8,348.1,0
2026-06-30 07:26:42,五反田,1,1,1,open,20260630072642_五反田_1番線_1号車_1番ドア_開動作.csv,81.78272727272727,124.49312155813773,383.55,9.1,374.45,9.95,10.35,83.2,10.95,220,7.960502283105024,202.55000000000004,4881129.3950000005,148.95285091415522,1.4582964056740235,0.39091586879174134,79.15363636363637,84.41181818181818,366.3,400.8,0
2026-06-30 07:30:19,五反田,1,1,1,close,20260630073019_五反田_1番線_1号車_1番ドア_閉動作.csv,78.75386363636365,112.89523088034701,357.5,8.95,348.55,10.100000000000001,10.5,88.78750000000001,10.95,220,8.67191780821918,206.75,4168450.9225000003,137.64993350227897,1.4659798350733646,0.5306474114612838,83.29590909090908,74.21181818181817,373.8,341.2,0
2026-06-30 07:32:49,五反田,1,1,1,open,20260630073249_五反田_1番線_1号車_1番ドア_開動作.csv,82.1218181818182,124.75816288237466,374.04999999999995,9.0,365.04999999999995,10.05,10.399999999999999,87.975,10.95,220,8.614383561643836,216.35,4907890.289999999,149.36061136481976,1.4522950931436551,0.3726542596164122,79.33727272727273,84.90636363636362,361.2,392.1,0
2026-06-30 07:36:19,五反田,1,1,1,close,20260630073619_五反田_1番線_1号車_1番ドア_閉動作.csv,78.86886363636364,112.82372985840887,359.05,9.25,349.8,10.1,10.55,89.2875,10.95,220,8.155479452054795,188.0,4168888.1675000004,137.65715263092778,1.4583771293406322,0.5058173627784992,83.49090909090908,74.24681818181818,380.6,337.5,0
2026-06-30 07:39:05,五反田,1,1,1,open,20260630073905_五反田_1番線_1号車_1番ドア_開動作.csv,81.90386363636362,124.65555441469888,380.25,9.0,371.25,9.9,10.275,83.0625,10.95,220,8.592922374429225,184.7,4894395.0275,149.15512101500235,1.4587177092580588,0.39315185716096623,79.23045454545455,84.57727272727271,362.4,398.1,0
2026-06-30 07:41:37,五反田,1,1,1,close,20260630074137_五反田_1番線_1号車_1番ドア_閉動作.csv,78.7568181818182,112.91187341487985,353.9,9.600000000000001,344.29999999999995,10.15,10.6,89.05,10.95,220,8.665753424657535,201.9,4169380.065,137.66527364655843,1.468987750192199,0.5383457855467766,83.33500000000002,74.17863636363637,367.5,341.5,0
2026-06-30 07:44:04,五反田,1,1,1,open,20260630074404_五反田_1番線_1号車_1番ドア_開動作.csv,82.00045454545456,124.51049910010411,377.3,9.25,368.05,10.1,10.45,82.7,10.95,220,8.331278538812786,220.74999999999997,4889926.565,149.08701798553147,1.4517672076001749,0.37338616427538573,79.39545454545454,84.60545454545455,362.5,392.1,0
2026-06-30 07:46:22,五反田,1,1,1,close,20260630074622_五反田_1番線_1号車_1番ドア_閉動作.csv,78.81136363636362,112.55601376427708,355.5,9.1,346.4,10.15,10.55,90.3375,10.95,220,8.225114155251143,196.9,4153619.1999999997,137.40482987408876,1.4664857284842612,0.5387319110587869,83.4368181818182,74.18590909090908,374.8,336.2,0
2026-06-30 07:49:00,五反田,1,1,1,open,20260630074900_五反田_1番線_1号車_1番ドア_開動作.csv,81.80181818181819,124.37155366212396,373.35,9.2,364.15000000000003,10.0,10.4,84.3375,10.95,220,8.131278538812788,176.55,4875160.58,148.86175068895912,1.4544894934884707,0.382261247409732,79.09772727272727,84.5059090909091,360.0,387.5,0
2026-06-30 07:51:22,五反田,1,1,1,close,20260630075122_五反田_1番線_1号車_1番ドア_閉動作.csv,79.22181818181818,112.46153939080133,358.8,9.149999999999999,349.65000000000003,9.95,10.350000000000001,88.75,10.95,220,9.016666666666664,199.85,4163212.75,137.56341925883427,1.4632574503331468,0.5263697944331187,84.13409090909092,74.30954545454546,374.9,343.8,0
2026-06-30 07:54:36,五反田,1,1,1,open,20260630075436_五反田_1番線_1号車_1番ドア_開動作.csv,82.29636363636362,124.61662741258067,380.7,9.3,371.4,9.95,10.25,83.8375,10.95,220,8.043150684931508,179.45,4906438.965,149.33852582456592,1.4405153792222414,0.34596860635888715,79.64454545454547,84.94818181818181,368.7,392.7,0
2026-06-30 07:57:01,五反田,1,1,1,close,20260630075701_五反田_1番線_1号車_1番ドア_閉動作.csv,78.5265909090909,112.85796870288662,354.75,9.0,345.75,9.95,10.45,88.625,10.95,220,8.760730593607306,205.4,4158736.2475,137.4894417020647,1.4675362752991152,0.5343107398153752,83.10045454545454,73.95272727272727,380.0,338.3,0
2026-06-30 08:00:07,五反田,1,1,1,open,20260630080007_五反田_1番線_1号車_1番ドア_開動作.csv,82.075,124.44222103048466,385.9,9.3,376.59999999999997,9.9875,10.3,89.775,10.95,220,8.202283105022833,196.55,4888877.839999999,149.07103004943647,1.4486296243080659,0.3676348434788457,79.58,84.57,371.5,400.3,0
2026-06-30 08:02:31,五反田,1,1,1,close,20260630080231_五反田_1番線_1号車_1番ドア_閉動作.csv,78.9343181818182,112.91336146471949,355.65,9.0,346.65,10.0,10.475,90.83749999999999,10.95,220,8.813698630136985,211.89999999999998,4175611.8325,137.76811599238377,1.4567693675227025,0.5026325330099475,83.61636363636363,74.25227272727273,378.0,333.3,0
2026-06-30 08:05:05,五反田,1,1,1,open,20260630080505_五反田_1番線_1号車_1番ドア_開動作.csv,81.61795454545455,124.2491116957371,382.7,8.85,373.84999999999997,9.75,10.2,82.7875,10.95,220,8.241780821917809,181.4,4861853.097500001,148.65844160814964,1.4546414870061402,0.3888125220407699,78.87272727272727,84.36318181818183,369.5,395.9,0
2026-06-30 08:07:41,五反田,1,1,1,close,20260630080741_五反田_1番線_1号車_1番ドア_閉動作.csv,78.39931818181817,112.70313836474297,362.04999999999995,9.2,352.84999999999997,9.899999999999999,10.399999999999999,88.1625,10.95,220,8.867351598173515,229.34999999999997,4146659.1075,137.28965907393157,1.476940261650684,0.5756257315147821,83.09545454545454,73.70318181818182,386.9,337.2,0
2026-06-30 08:10:06,五反田,1,1,1,open,20260630081006_五反田_1番線_1号車_1番ドア_開動作.csv,81.57272727272725,124.1766364967778,385.0,8.9,376.1,9.8375,10.100000000000001,83.9,10.95,220,7.817579908675798,173.25,4856268.3149999995,148.5730355292091,1.4519036863920292,0.37614550567267324,78.66681818181817,84.47863636363635,369.8,400.2,0
2026-06-30 08:12:14,五反田,1,1,1,close,20260630081214_五反田_1番線_1号車_1番ドア_閉動作.csv,78.65181818181819,112.65668733475022,354.0,9.15,344.85,9.9875,10.399999999999999,89.39999999999999,10.95,220,8.327397260273973,191.3,4153080.2950000004,137.3959158947072,1.4635675592177153,0.5270437804017436,83.40318181818182,73.90045454545455,366.1,341.9,0
2026-06-30 08:14:51,五反田,1,1,1,open,20260630081451_五反田_1番線_1号車_1番ドア_開動作.csv,81.69772727272728,123.98935463585786,378.95000000000005,9.2,369.75000000000006,9.9,10.3,86.925,10.95,220,7.9671232876712335,155.95000000000002,4850533.315,148.4852811040389,1.4516349340425443,0.3802782122015591,79.07090909090908,84.32454545454544,359.1,398.8,0
2026-06-30 08:17:12,五反田,1,1,1,close,20260630081712_五反田_1番線_1号車_1番ドア_閉動作.csv,78.67954545454543,112.673880532885,355.85,9.05,346.8,9.899999999999999,10.3,89.3,10.95,220,8.154566210045662,199.4,4154892.33,137.42588630702997,1.4624449435950306,0.530187196050083,83.22727272727273,74.13181818181818,375.9,336.9,0
2026-06-30 08:19:42,五反田,1,1,1,open,20260630081942_五反田_1番線_1号車_1番ドア_開動作.csv,81.64204545454544,123.95006744982479,385.65,8.8,376.84999999999997,9.95,10.35,82.3625,10.95,220,7.760045662100456,140.75,4846389.4174999995,148.42184073382927,1.4567325763569836,0.39696635344845355,78.94818181818181,84.33590909090908,368.9,402.4,0
2026-06-30 08:21:54,五反田,1,1,1,close,20260630082154_五反田_1番線_1号車_1番ドア_閉動作.csv,78.74454545454547,112.60723118744409,366.45,9.15,357.3,9.9,10.325,89.2125,10.95,220,8.538584474885845,201.35000000000002,4153840.2299999995,137.4084857443144,1.4544867744772922,0.4946303056910182,83.49363636363636,73.99545454545455,378.5,354.4,0
2026-06-30 08:24:22,五反田,1,1,1,open,20260630082422_五反田_1番線_1号車_1番ドア_開動作.csv,81.89431818181818,124.37584564167024,375.0,9.149999999999999,365.85,9.95,10.350000000000001,86.4,10.95,220,8.371689497716892,201.14999999999995,4878726.672499999,148.91618558620635,1.4482884317055364,0.3621427582000516,79.07363636363637,84.71500000000002,363.8,386.2,0
2026-06-30 08:26:41,五反田,1,1,1,close,20260630082641_五反田_1番線_1号車_1番ドア_閉動作.csv,78.87477272727273,112.7730222915327,361.85,9.2,352.65000000000003,10.05,10.5,90.8,10.95,220,8.821004566210046,208.55,4166576.5525,137.61898244626522,1.458570597266386,0.5024929467492929,83.74499999999999,74.00454545454545,376.5,347.2,0
2026-06-30 08:28:57,五反田,1,1,1,open,20260630082857_五反田_1番線_1号車_1番ドア_開動作.csv,81.66386363636364,124.03414962706309,372.5,9.149999999999999,363.35,9.85,10.325,83.3625,10.95,220,7.993378995433789,164.9,4851760.5175,148.50406357311329,1.4502068454967931,0.3740572919012748,78.9740909090909,84.35363636363638,357.5,387.5,0
2026-06-30 08:31:18,五反田,1,1,1,close,20260630083118_五反田_1番線_1号車_1番ドア_閉動作.csv,78.81090909090909,112.55317649930029,360.9,9.25,351.65,10.100000000000001,10.5,89.01249999999999,10.95,220,8.334931506849314,206.09999999999997,4153462.9250000003,137.40224500283168,1.460814595613976,0.5235438542388127,83.06363636363636,74.55818181818181,378.7,343.1,0
2026-06-30 08:34:16,五反田,1,1,1,open,20260630083416_五反田_1番線_1号車_1番ドア_開動作.csv,81.54659090909091,124.12172773207872,373.2,8.95,364.25,9.9,10.25,84.4375,10.95,220,7.781050228310503,166.64999999999998,4852330.9525,148.5127933347525,1.4522467176163663,0.37775391285755777,78.50500000000001,84.58818181818181,360.2,387.2,0
2026-06-30 08:36:39,五反田,1,1,1,close,20260630083639_五反田_1番線_1号車_1番ドア_閉動作.csv,78.60727272727274,112.75320723847275,357.75,9.0,348.75,9.899999999999999,10.3,89.425,10.95,220,8.707305936073059,217.25,4156325.5949999997,137.44958736999473,1.4648703329244037,0.5380520518777177,83.42909090909092,73.78545454545454,375.2,340.3,0
2026-06-30 08:39:10,五反田,1,1,1,open,20260630083910_五反田_1番線_1号車_1番ドア_開動作.csv,81.66522727272726,123.93858544179041,384.6,8.95,375.65000000000003,9.899999999999999,10.275,84.7125,10.95,220,7.958904109589041,169.65,4846596.107499999,148.42500566554875,1.4503037039683926,0.3758257566903169,78.83227272727274,84.49818181818183,365.7,403.5,0
2026-06-30 08:41:47,五反田,1,1,1,close,20260630084147_五反田_1番線_1号車_1番ドア_閉動作.csv,78.53886363636364,112.52238878665051,354.0,8.85,345.15,9.8,10.2,90.175,10.95,220,7.999771689497717,188.35000000000002,4142521.0375,137.2211393319027,1.4544046144106502,0.5007761080743545,83.015,74.06272727272727,372.3,342.2,0
2026-06-30 08:45:08,五反田,1,1,1,open,20260630084508_五反田_1番線_1号車_1番ドア_開動作.csv,81.65977272727272,124.0214649033244,377.6,8.850000000000001,368.75,9.850000000000001,10.25,88.11250000000001,10.95,220,8.143835616438356,207.45,4850921.2925,148.49121939911586,1.4506188833719444,0.37153449729120114,78.80727272727272,84.51227272727273,363.0,392.2,0
2026-06-30 08:47:41,五反田,1,1,1,close,20260630084741_五反田_1番線_1号車_1番ドア_閉動作.csv,78.87931818181819,112.73092891316932,361.0,9.0,352.0,9.8,10.3,87.925,10.95,220,8.248858447488585,184.6,4164646.0175,137.5870966713614,1.4409609753207615,0.45216983893331664,83.30772727272729,74.4509090909091,375.4,346.6,0
2026-06-30 08:50:46,五反田,1,1,1,open,20260630085046_五反田_1番線_1号車_1番ドア_開動作.csv,81.47999999999999,124.03489780189797,380.25,8.75,371.5,9.7,10.2,83.9,10.95,220,8.009132420091325,198.50000000000006,4845202.180000001,148.403659903411,1.4518428366163174,0.3801620944677251,78.36545454545454,84.59454545454545,366.7,393.8,0
2026-06-30 08:53:03,五反田,1,1,1,close,20260630085303_五反田_1番線_1号車_1番ドア_閉動作.csv,78.56522727272727,112.3005987697272,356.5,9.1,347.4,10.1,10.5,90.4875,10.95,220,8.279223744292239,190.30000000000004,4132462.2725000004,137.05443962329184,1.458824011749317,0.5183454942878334,83.02318181818181,74.10727272727273,377.3,338.1,0
2026-06-30 08:56:55,五反田,1,1,1,open,20260630085655_五反田_1番線_1号車_1番ドア_開動作.csv,81.88954545454546,124.22552422097162,371.45000000000005,9.0,362.45000000000005,9.9,10.3,84.85,10.95,220,8.615981735159817,192.39999999999998,4870333.275,148.788032189176,1.449642632745094,0.37188082954507173,79.12727272727273,84.65181818181819,357.5,392.3,0
2026-06-30 08:59:55,五反田,1,1,1,close,20260630085955_五反田_1番線_1号車_1番ドア_閉動作.csv,78.61863636363637,112.52294076383045,356.9,9.3,347.59999999999997,9.95,10.45,88.95,10.95,220,8.47123287671233,194.35,4145306.48,137.26726551446336,1.4580979966615164,0.5106739280376869,83.2359090909091,74.00136363636364,372.1,341.7,0
2026-06-30 09:03:58,五反田,1,1,1,open,20260630090358_五反田_1番線_1号車_1番ドア_開動作.csv,81.74977272727273,123.87927632264031,376.25,9.25,367.0,10.05,10.425,86.975,10.95,220,7.773972602739726,192.50000000000003,4846402.0975,148.4220348977261,1.4491786997603446,0.3708682511980501,78.70181818181818,84.79772727272727,364.8,387.7,0
2026-06-30 09:08:53,五反田,1,1,1,close,20260630090853_五反田_1番線_1号車_1番ドア_閉動作.csv,78.83772727272729,112.19418903813879,361.55,9.1,352.45,9.9375,10.399999999999999,89.675,10.95,220,8.091095890410962,206.60000000000002,4136643.125,137.12375175531972,1.4476599324118267,0.4821459312219103,83.06227272727273,74.61318181818183,377.0,346.1,0
2026-06-30 09:11:55,五反田,1,1,1,open,20260630091155_五反田_1番線_1号車_1番ドア_開動作.csv,81.65818181818182,124.16298114818002,374.45000000000005,9.1,365.35,9.9375,10.375,85.3125,10.95,220,8.475114155251143,212.34999999999997,4858591.000000001,148.60856148100805,1.451636021270251,0.3705253519453362,78.69954545454546,84.61681818181819,359.6,391.2,0
2026-06-30 09:15:06,五反田,1,1,1,close,20260630091506_五反田_1番線_1号車_1番ドア_閉動作.csv,78.68272727272728,112.51626921479635,355.5,9.149999999999999,346.35,10.0,10.375,89.15,10.95,220,8.649999999999999,208.49999999999997,4147194.1300000004,137.2985156842233,1.4562462934506082,0.5074053724377303,83.31136363636364,74.05409090909092,375.9,335.1,0
2026-06-30 09:18:23,五反田,1,1,1,open,20260630091823_五反田_1番線_1号車_1番ドア_開動作.csv,81.76522727272727,123.97770339292754,378.8,9.0,369.8,10.0,10.350000000000001,86.41250000000001,10.95,220,7.865981735159818,172.54999999999998,4852325.1325,148.51270426985516,1.4476077744265374,0.3661532931095346,78.79045454545455,84.73999999999998,364.6,393.0,0
2026-06-30 09:23:08,五反田,1,1,1,close,20260630092308_五反田_1番線_1号車_1番ドア_閉動作.csv,78.78727272727274,112.55529781085055,352.95,9.25,343.7,10.1375,10.6,92.175,10.95,220,8.509817351598175,210.70000000000002,4152748.47,137.39042691938513,1.4544722201416813,0.49848201687247284,83.025,74.54954545454544,370.4,336.0,0
2026-06-30 09:25:52,五反田,1,1,1,open,20260630092552_五反田_1番線_1号車_1番ドア_開動作.csv,81.51068181818182,123.97064567135031,373.1,8.850000000000001,364.25,9.787500000000001,10.275,87.78750000000001,10.95,220,8.51917808219178,198.9,4842796.6925,148.366816500983,1.451776638357324,0.3744148222179877,78.48772727272727,84.53363636363638,358.6,390.9,0
2026-06-30 09:29:46,五反田,1,1,1,close,20260630092946_五反田_1番線_1号車_1番ドア_閉動作.csv,78.71318181818182,112.70064141893634,357.35,8.85,348.5,9.95,10.35,90.16250000000001,10.95,220,8.634931506849316,209.70000000000002,4157383.905,137.46708539931228,1.462656874277823,0.533503512578156,83.1118181818182,74.31454545454545,377.7,337.6,0
2026-06-30 09:32:39,五反田,1,1,1,open,20260630093239_五反田_1番線_1号車_1番ドア_開動作.csv,81.31454545454545,123.68966552065524,369.35,8.8,360.55,9.850000000000001,10.3,84.07499999999999,10.95,220,7.988584474885844,188.8,4820461.505,148.02428401816678,1.4525671193932483,0.37750733206524734,78.29818181818182,84.33090909090909,358.5,385.9,0
2026-06-30 09:38:01,五反田,1,1,1,close,20260630093801_五反田_1番線_1号車_1番ドア_閉動作.csv,78.46704545454546,112.65394655919326,356.25,9.05,347.2,9.9,10.2,90.875,10.95,220,8.940867579908675,216.1,4146557.5575,137.2879779796005,1.4653221438446182,0.5363094527186987,83.03363636363638,73.90045454545454,371.3,355.1,0
2026-06-30 09:40:28,五反田,1,1,1,open,20260630094028_五反田_1番線_1号車_1番ドア_開動作.csv,81.56681818181819,123.86662434344318,375.29999999999995,9.0,366.29999999999995,10.0,10.399999999999999,84.23750000000001,10.95,220,8.265753424657534,192.6,4839139.019999999,148.31077659612416,1.4530122081557166,0.37818018274942045,78.80181818181818,84.33181818181816,361.2,389.4,0
2026-06-30 09:44:19,五反田,1,1,1,close,20260630094419_五反田_1番線_1号車_1番ドア_閉動作.csv,78.4759090909091,112.1282713583417,356.4,8.85,347.54999999999995,9.8375,10.25,87.875,10.95,220,8.845205479452055,202.65,4120867.8600000003,136.86203836511623,1.4565711390813094,0.5060200604736917,83.15363636363638,73.79818181818182,373.4,354.2,0
2026-06-30 09:46:51,五反田,1,1,1,open,20260630094651_五反田_1番線_1号車_1番ドア_開動作.csv,81.66409090909092,123.61003960987705,377.70000000000005,9.05,368.65000000000003,9.95,10.325,84.98750000000001,10.95,220,8.143607305936074,154.5,4828662.4399999995,148.15014558333596,1.4461689503891506,0.36205047921843914,78.82545454545453,84.50272727272727,360.3,395.1,0
2026-06-30 09:53:51,五反田,1,1,1,close,20260630095351_五反田_1番線_1号車_1番ドア_閉動作.csv,78.36068181818182,112.5208869983647,354.65,9.05,345.59999999999997,9.9,10.35,88.4875,10.95,220,8.599999999999998,223.39999999999995,4136296.2225,137.11800197606837,1.4651531434929326,0.5355220192185026,82.85454545454547,73.86681818181819,371.3,345.4,0
2026-06-30 09:56:18,五反田,1,1,1,open,20260630095618_五反田_1番線_1号車_1番ドア_開動作.csv,81.31068181818183,123.51516068883882,383.0,8.95,374.05,9.75,10.15,88.8,10.95,220,8.142465753424657,160.7,4810832.817499999,147.8763736968393,1.453087688233809,0.3828506107510563,78.53727272727271,84.0840909090909,359.8,406.2,0
2026-06-30 10:02:08,五反田,1,1,1,close,20260630100208_五反田_1番線_1号車_1番ドア_閉動作.csv,78.3809090909091,112.03525763668779,360.0,9.05,350.95,9.85,10.275,87.7875,10.95,220,8.209817351598176,196.29999999999998,4113002.4899999998,136.7313638622696,1.4476627422369623,0.47657585976018435,82.9640909090909,73.79772727272727,378.5,341.5,0
2026-06-30 10:09:08,五反田,1,1,1,open,20260630100908_五反田_1番線_1号車_1番ドア_開動作.csv,81.4484090909091,123.41473035227017,373.85,9.05,364.8,10.0,10.325,86.45,10.95,220,8.228767123287673,204.00000000000006,4810308.5825000005,147.8683164554315,1.4486828043416458,0.36455419612263906,78.55454545454545,84.34227272727273,361.0,399.5,0
2026-06-30 10:17:12,五反田,1,1,1,close,20260630101712_五反田_1番線_1号車_1番ドア_閉動作.csv,78.27681818181819,112.23832905054249,352.85,9.0,343.85,9.850000000000001,10.325,89.13749999999999,10.95,220,8.362328767123289,191.25,4119434.6099999994,136.83823578491237,1.4558808588713084,0.5007503201904222,82.59772727272727,73.9559090909091,370.2,337.2,0
2026-06-30 10:23:20,五反田,1,1,1,open,20260630102320_五反田_1番線_1号車_1番ドア_開動作.csv,81.3275,123.6117747062258,380.4,8.95,371.45,9.95,10.4,84.10000000000001,10.95,220,8.844292237442923,223.49999999999997,4816687.2825,147.96632421694042,1.4573957163773867,0.38511381252198573,78.47772727272728,84.17727272727272,361.2,399.6,0
2026-06-30 10:32:08,五反田,1,1,1,close,20260630103208_五反田_1番線_1号車_1番ドア_閉動作.csv,78.12,112.01640721949458,352.55,8.85,343.7,9.8375,10.25,88.375,10.95,220,8.52876712328767,221.84999999999997,4103090.175,136.56650352983206,1.4537257170432831,0.48508194226498347,82.78090909090909,73.4590909090909,367.6,357.2,0
2026-06-30 10:38:22,五反田,1,1,1,open,20260630103822_五反田_1番線_1号車_1番ドア_開動作.csv,81.37272727272727,123.45395822594305,377.9,9.0,368.9,9.95,10.3,88.1125,10.95,220,8.406849315068493,212.2,4809728.12,147.8593945119976,1.4509178804235945,0.3655671565627747,78.50272727272727,84.24272727272728,356.0,399.8,0
2026-06-30 10:47:03,五反田,1,1,1,close,20260630104703_五反田_1番線_1号車_1番ドア_閉動作.csv,78.27863636363637,111.82730871935183,360.75,9.15,351.6,9.95,10.399999999999999,88.53750000000001,10.95,220,8.496575342465755,167.89999999999998,4099236.215,136.50235121185142,1.4520083585658283,0.487046483813276,82.7759090909091,73.78136363636364,379.0,342.5,0
2026-06-30 10:53:14,五反田,1,1,1,open,20260630105314_五反田_1番線_1号車_1番ドア_開動作.csv,81.13727272727272,123.49669455207803,371.55,8.95,362.6,9.9375,10.275,85.275,10.95,220,8.729680365296804,215.35000000000002,4803631.930000001,147.7656610681558,1.4586863464323208,0.39216200141214186,78.21227272727273,84.06227272727271,355.1,388.6,0
2026-06-30 11:02:07,五反田,1,1,1,close,20260630110207_五反田_1番線_1号車_1番ドア_閉動作.csv,78.34272727272726,111.63083810170582,358.04999999999995,9.2,348.84999999999997,9.95,10.4,88.7,10.95,220,8.00730593607306,200.3,4091785.9250000003,136.37824948215967,1.4459191264123328,0.47225018187636714,82.87863636363637,73.80681818181819,375.7,340.4,0
2026-06-30 11:08:21,五反田,1,1,1,open,20260630110821_五反田_1番線_1号車_1番ドア_開動作.csv,80.95681818181818,123.01867753188625,379.0,8.8,370.2,9.75,10.2,87.175,10.95,220,7.25867579908676,168.8,4771272.315,147.2671091310554,1.449209000725145,0.3754656615551655,78.08045454545454,83.83318181818181,365.3,392.7,0
2026-06-30 11:17:04,五反田,1,1,1,close,20260630111704_五反田_1番線_1号車_1番ドア_閉動作.csv,78.01545454545453,111.91911938486781,373.15,9.05,364.09999999999997,9.95,10.45,87.825,10.95,220,8.710273972602739,219.59999999999997,4094706.095,136.4269050877362,1.4733106831352838,0.5709375900742844,82.62545454545455,73.40545454545455,390.8,355.5,0
2026-06-30 11:23:29,五反田,1,1,1,open,20260630112329_五反田_1番線_1号車_1番ドア_開動作.csv,81.06681818181819,123.21873598997412,371.35,8.95,362.40000000000003,9.850000000000001,10.2,86.0375,10.95,220,8.161872146118723,212.45,4786030.899999999,147.49469790162257,1.4505509197910529,0.368773627981442,78.27,83.86363636363636,357.3,385.8,0
2026-06-30 11:32:09,五反田,1,1,1,close,20260630113209_五反田_1番線_1号車_1番ドア_閉動作.csv,78.06454545454545,111.8113756298881,352.85,9.05,343.8,9.850000000000001,10.325,88.775,10.95,220,8.39315068493151,208.20000000000005,4091088.535,136.3666270656891,1.455884246481795,0.500719899310758,82.67227272727271,73.45681818181818,372.1,333.6,0
2026-06-30 11:39:21,五反田,1,1,1,open,20260630113921_五反田_1番線_1号車_1番ドア_開動作.csv,81.36977272727272,123.15187798901432,371.55,9.05,362.5,9.95,10.275,86.7625,10.95,220,8.081506849315069,183.24999999999994,4793233.492500001,147.60564002066144,1.4430780666945289,0.35248483398449615,78.75090909090908,83.98863636363636,362.1,381.0,0
2026-06-30 11:47:21,五反田,1,1,1,close,20260630114721_五反田_1番線_1号車_1番ドア_閉動作.csv,78.02886363636362,111.80075061172462,348.85,8.600000000000001,340.25,9.899999999999999,10.3,89.25,10.95,220,8.233333333333333,210.29999999999998,4089340.5074999994,136.33749080031973,1.4534168619595091,0.4901773874471913,82.52636363636366,73.53136363636364,366.4,332.9,0
2026-06-30 11:53:10,五反田,1,1,1,open,20260630115310_五反田_1番線_1号車_1番ドア_開動作.csv,81.10545454545455,123.31266631937446,372.15,8.9,363.25,9.850000000000001,10.275,88.91250000000001,10.95,220,8.66689497716895,236.24999999999997,4792503.855,147.59440515079893,1.4535875344823492,0.3730969257434218,78.10909090909091,84.10181818181819,355.9,388.6,0
2026-06-30 12:02:09,五反田,1,1,1,close,20260630120209_五反田_1番線_1号車_1番ドア_閉動作.csv,78.24545454545455,111.8513117217867,351.75,9.15,342.6,9.85,10.3,91.3,10.95,220,8.500228310502283,198.2,4099274.76,136.50299297418022,1.4533820264101602,0.500259013028832,82.65954545454545,73.83136363636365,371.7,337.5,0
2026-06-30 12:08:24,五反田,1,1,1,open,20260630120824_五反田_1番線_1号車_1番ドア_開動作.csv,81.2075,123.29743896413112,374.29999999999995,9.100000000000001,365.19999999999993,9.899999999999999,10.3,85.67500000000001,10.95,220,8.411187214611871,237.2,4795321.6325,147.63778822294663,1.4502014026392671,0.36316772447178813,78.28999999999999,84.125,355.9,392.7,0
2026-06-30 12:17:04,五反田,1,1,1,close,20260630121704_五反田_1番線_1号車_1番ドア_閉動作.csv,78.23840909090909,111.54002314585603,351.45000000000005,8.85,342.6,10.05,10.45,88.22500000000001,10.95,220,8.010502283105025,187.2,4083733.5925,136.24399223618832,1.444510618683915,0.4637101877008005,82.75454545454545,73.72227272727274,371.1,331.8,0
2026-06-30 12:23:55,五反田,1,1,1,open,20260630122355_五反田_1番線_1号車_1番ドア_開動作.csv,80.94386363636363,122.78942514831695,368.4,9.1,359.29999999999995,9.9375,10.325,86.7625,10.95,220,7.5152968036529675,166.55,4758413.4375,147.068528205855,1.451940448534733,0.3830397984470939,78.0409090909091,83.84681818181818,355.2,381.6,0
2026-06-30 12:32:09,五反田,1,1,1,close,20260630123209_五反田_1番線_1号車_1番ドア_閉動作.csv,78.07090909090908,111.5531206282497,357.25,8.95,348.3,9.9,10.4,90.05,10.95,220,8.447488584474886,203.55,4078616.4249999993,136.1586044588509,1.4520656909201346,0.49242836715407057,82.60499999999999,73.53681818181818,374.9,339.6,0
2026-06-30 12:39:04,五反田,1,1,1,open,20260630123904_五反田_1番線_1号車_1番ドア_開動作.csv,80.87045454545455,123.22528173586903,378.85,8.6,370.25,9.7,10.149999999999999,89.2625,10.95,220,8.71780821917808,220.84999999999997,4779390.105,147.3923352053041,1.4569617665152912,0.38546843753563254,77.95863636363637,83.78227272727273,359.4,398.3,0
2026-06-30 12:47:10,五反田,1,1,1,close,20260630124710_五反田_1番線_1号車_1番ドア_閉動作.csv,78.25204545454544,111.74969364569651,356.20000000000005,8.85,347.35,10.037500000000001,10.525,89.5625,10.95,220,8.42420091324201,191.25,4094502.8625,136.4235194082284,1.4553913633062636,0.5039320037005011,83.01,73.4940909090909,375.8,336.6,0
2026-06-30 12:53:41,五反田,1,1,1,open,20260630125341_五反田_1番線_1号車_1番ドア_開動作.csv,81.00386363636363,123.22289337205731,373.3,8.9,364.40000000000003,9.850000000000001,10.225,83.2375,10.95,220,8.322374429223744,198.75,4784011.6225,147.46357982566406,1.4554326285356167,0.38053127299219147,78.09500000000001,83.91272727272727,357.6,389.7,0
2026-06-30 13:02:07,五反田,1,1,1,close,20260630130207_五反田_1番線_1号車_1番ドア_閉動作.csv,78.12977272727272,111.82044510343431,358.2,9.0,349.2,9.8,10.3,87.4625,10.95,220,8.350000000000001,207.85000000000002,4093776.1325000003,136.41141202093561,1.4463941985351563,0.46570228135310066,82.69863636363637,73.56090909090909,377.2,339.2,0
2026-06-30 13:08:02,五反田,1,1,1,open,20260630130802_五反田_1番線_1号車_1番ドア_開動作.csv,81.23454545454547,123.22649033486239,369.85,8.7,361.15000000000003,9.8,10.25,85.225,10.95,220,8.436301369863013,192.60000000000002,4792440.245,147.59342565119405,1.4490344748136386,0.36555546358864355,78.42136363636364,84.04772727272727,354.8,387.2,0
2026-06-30 13:17:04,五反田,1,1,1,close,20260630131704_五反田_1番線_1号車_1番ドア_閉動作.csv,77.98568181818183,111.84851773711473,355.35,8.95,346.40000000000003,9.85,10.325,88.7125,10.95,220,8.781963470319635,207.8,4090208.6475,136.35196180706885,1.4568028785244187,0.499634248436827,82.525,73.44636363636364,375.3,335.4,0
2026-06-30 13:23:14,五反田,1,1,1,open,20260630132314_五反田_1番線_1号車_1番ドア_開動作.csv,80.9090909090909,123.11298057287539,375.04999999999995,8.95,366.09999999999997,9.75,10.149999999999999,85.175,10.95,220,8.043835616438354,178.64999999999998,4774679.134999999,147.31967613755035,1.44881009303387,0.36509442360434985,78.05090909090909,83.76727272727271,362.9,387.2,0
2026-06-30 13:32:09,五反田,1,1,1,close,20260630133209_五反田_1番線_1号車_1番ドア_閉動作.csv,78.07795454545455,111.61655405448572,352.15,8.899999999999999,343.25,9.95,10.399999999999999,88.9,10.95,220,8.33972602739726,195.95000000000002,4081972.8675000006,136.21461788295707,1.4536312078355496,0.49382692736130274,82.63227272727273,73.52363636363637,369.6,334.7,0
2026-06-30 13:38:20,五反田,1,1,1,open,20260630133820_五反田_1番線_1号車_1番ドア_開動作.csv,81.30431818181818,123.75520224873794,371.1,8.899999999999999,362.20000000000005,9.75,10.125,88.975,10.95,220,8.906621004566212,223.54999999999998,4823663.2925,148.0734352901842,1.452865250378498,0.37570230813158156,78.77045454545454,83.83818181818182,356.7,385.5,0
2026-06-30 13:47:12,五反田,1,1,1,close,20260630134712_五反田_1番線_1号車_1番ドア_閉動作.csv,77.6893181818182,111.73901577901248,361.20000000000005,8.95,352.25000000000006,9.850000000000001,10.375,88.6125,10.95,220,9.115296803652965,231.3,4074672.3175,136.09275442439315,1.4771578379932253,0.5745220257072434,82.19681818181816,73.18181818181819,372.8,349.6,0
2026-06-30 13:52:54,五反田,1,1,1,open,20260630135254_五反田_1番線_1号車_1番ドア_開動作.csv,81.38863636363637,122.87469054045762,377.1,9.2,367.90000000000003,10.05,10.399999999999999,86.3625,10.95,220,7.848173515981734,160.9,4778905.935,147.38486932024418,1.443812252562177,0.3601656199605361,78.8509090909091,83.92636363636365,363.4,390.8,0
2026-06-30 14:02:08,五反田,1,1,1,close,20260630140208_五反田_1番線_1号車_1番ドア_閉動作.csv,78.04136363636364,111.62452592978654,353.79999999999995,8.85,344.94999999999993,9.75,10.2,88.9375,10.95,220,8.270547945205479,198.8,4081107.63,136.20018071674033,1.4503219361498978,0.4893251730921726,82.42454545454547,73.65818181818182,374.7,332.9,0
2026-06-30 14:08:41,五反田,1,1,1,open,20260630140841_五反田_1番線_1号車_1番ドア_開動作.csv,81.17363636363636,123.31427509141962,377.0,8.95,368.05,9.9,10.3,83.1625,10.95,220,8.626712328767121,216.70000000000002,4795025.329999999,147.63322688953926,1.4534059714214094,0.3726069059998922,78.29954545454544,84.04772727272727,364.5,389.5,0
2026-06-30 14:17:09,五反田,1,1,1,close,20260630141709_五反田_1番線_1号車_1番ドア_閉動作.csv,78.03840909090911,111.99651157195564,349.54999999999995,9.0,340.54999999999995,9.850000000000001,10.350000000000001,88.8125,10.95,220,8.755251141552511,206.1,4099306.6175,136.5035233894249,1.4641273207326366,0.5292905158410508,82.72136363636363,73.35545454545453,369.2,333.4,0
2026-06-30 14:23:00,五反田,1,1,1,open,20260630142300_五反田_1番線_1号車_1番ドア_開動作.csv,81.36909090909091,123.0422634304272,374.35,9.0,365.35,9.899999999999999,10.325,88.73750000000001,10.95,220,7.455479452054796,174.25,4787272.0600000005,147.5138215404053,1.4402700614577004,0.34742503998054586,78.79954545454544,83.93863636363636,365.4,383.3,0
2026-06-30 14:32:10,五反田,1,1,1,close,20260630143210_五反田_1番線_1号車_1番ドア_閉動作.csv,78.22613636363636,111.9055968259917,351.1,9.0,342.1,10.0,10.45,87.6875,10.95,220,8.603881278538813,204.9,4101282.0225000004,136.53640910527724,1.4611860692352263,0.5226721618061849,82.74909090909091,73.70318181818182,369.7,343.6,0
2026-06-30 14:38:12,五反田,1,1,1,open,20260630143812_五反田_1番線_1号車_1番ドア_開動作.csv,81.08999999999997,123.20609457696925,369.75,8.850000000000001,360.9,9.9,10.399999999999999,84.33749999999999,10.95,220,8.457762557077626,203.3,4786172.5649999995,147.49688078365958,1.4547500493721668,0.38035662104119394,78.15500000000002,84.025,356.1,388.4,0
2026-06-30 14:47:07,五反田,1,1,1,close,20260630144707_五反田_1番線_1号車_1番ドア_閉動作.csv,78.18863636363636,111.44461367119683,356.5,9.2,347.3,10.0,10.425,87.85,10.95,220,8.047031963470321,187.05,4077340.25,136.13730118056282,1.444112965800291,0.46326736537635727,82.58590909090908,73.79136363636363,375.5,337.5,0
2026-06-30 14:52:52,五反田,1,1,1,open,20260630145252_五反田_1番線_1号車_1番ドア_開動作.csv,81.45227272727273,123.19851559509438,377.6,8.75,368.85,9.850000000000001,10.3,85.82499999999999,10.95,220,8.436301369863013,193.65000000000003,4798716.335,147.69003682467118,1.44621890160314,0.3687102562189706,78.76409090909092,84.14045454545455,364.6,390.6,0
2026-06-30 15:02:08,五反田,1,1,1,close,20260630150208_五反田_1番線_1号車_1番ドア_閉動作.csv,78.2290909090909,111.76140716272202,354.65,9.1,345.54999999999995,10.0,10.55,88.775,10.95,220,8.461643835616439,207.99999999999997,4094288.6149999998,136.41995013726748,1.451871250398802,0.48812208499373266,82.74636363636363,73.71181818181817,371.4,342.6,0
2026-06-30 15:08:42,五反田,1,1,1,open,20260630150842_五反田_1番線_1号車_1番ドア_開動作.csv,81.34704545454545,123.26606654600936,369.55,8.899999999999999,360.65000000000003,9.9,10.3,83.8,10.95,220,8.328082191780824,199.0,4798610.2925,147.68840498126144,1.4457122923000623,0.3560554626573853,78.45318181818182,84.24090909090908,356.6,388.7,0
2026-06-30 15:17:04,五反田,1,1,1,close,20260630151704_五反田_1番線_1号車_1番ドア_閉動作.csv,77.87818181818182,111.72539042167647,350.95000000000005,9.05,341.90000000000003,9.85,10.375,88.0625,10.95,220,8.702283105022829,204.05,4080466.2950000004,136.18947855169216,1.460092992422823,0.5038603693321244,82.40954545454547,73.3468181818182,370.6,332.9,0
2026-06-30 15:23:08,五反田,1,1,1,open,20260630152308_五反田_1番線_1号車_1番ドア_開動作.csv,81.30090909090909,123.11452456255704,372.65,8.9,363.75,9.9,10.275,87.1875,10.95,220,7.879680365296804,162.79999999999998,4788745.275,147.5365174364392,1.4456656035775333,0.36384945749136977,78.43181818181819,84.17,357.7,387.6,0
2026-06-30 15:30:15,五反田,1,1,1,close,20260630153015_五反田_1番線_1号車_1番ドア_閉動作.csv,78.32227272727273,111.76300505704098,361.05,8.75,352.3,10.0,10.5,86.70000000000002,10.95,220,8.112785388127852,185.35000000000005,4097576.495,136.47471452450617,1.4465014709449289,0.4704857281091721,82.76909090909093,73.87545454545455,379.1,343.0,0
2026-06-30 15:42:29,五反田,1,1,1,open,20260630154229_五反田_1番線_1号車_1番ドア_開動作.csv,81.05636363636363,123.08750797134142,374.95,8.95,366.0,9.850000000000001,10.2,84.525,10.95,220,7.978310502283104,171.79999999999998,4778547.115,147.37933608394854,1.4485887651464158,0.3672425976105149,77.99681818181818,84.11590909090908,361.4,388.5,0
2026-06-30 15:48:11,五反田,1,1,1,close,20260630154811_五反田_1番線_1号車_1番ドア_閉動作.csv,78.60136363636363,111.83410064163039,357.8,9.05,348.75,10.0,10.55,89.28750000000001,10.95,220,8.219406392694065,185.45000000000002,4110708.895,136.69323476975072,1.4395398593475843,0.4494087607715449,83.02181818181819,74.18090909090908,378.0,337.6,0
2026-06-30 15:53:12,五反田,1,1,1,open,20260630155312_五反田_1番線_1号車_1番ドア_開動作.csv,81.3209090909091,123.28946203619171,374.0,9.0,365.0,9.9,10.350000000000001,83.5,10.95,220,8.378767123287673,207.3,4798943.975000001,147.69353981994425,1.45104633751004,0.3700643019617802,78.38136363636364,84.26045454545454,355.8,392.2,0
2026-06-30 16:00:12,五反田,1,1,1,close,20260630160012_五反田_1番線_1号車_1番ドア_閉動作.csv,77.92886363636364,112.18778968999639,366.45000000000005,8.55,357.90000000000003,9.8,10.25,91.35000000000001,10.95,220,9.339269406392695,228.05000000000004,4104981.7475,136.59797927927713,1.4759309605858628,0.5717155076234137,82.1709090909091,73.68681818181818,383.1,349.8,0
2026-06-30 16:16:03,五反田,1,1,1,open,20260630161603_五反田_1番線_1号車_1番ドア_開動作.csv,81.12068181818181,123.27497687906951,371.85,9.05,362.8,9.899999999999999,10.3,84.125,10.95,220,8.273744292237444,186.75,4791002.687499999,147.57128766525625,1.451616800117287,0.37418317514104427,77.90545454545455,84.33590909090908,355.7,390.2,0
2026-06-30 16:18:11,五反田,1,1,1,close,20260630161811_五反田_1番線_1号車_1番ドア_閉動作.csv,78.15727272727274,111.8645204002599,351.85,9.25,342.6,10.0,10.45,91.275,10.95,220,8.907762557077625,213.40000000000003,4096890.6449999996,136.4632925168723,1.4642486629738962,0.5376249073168116,82.70409090909092,73.61045454545454,368.8,355.9,0
2026-06-30 16:23:55,五反田,1,1,1,open,20260630162355_五反田_1番線_1号車_1番ドア_開動作.csv,81.17545454545456,123.51651265122678,369.4,8.95,360.45,9.9,10.3,84.0,10.95,220,8.652968036529678,226.85,4806072.329999999,147.803191163729,1.455390172321872,0.37967076444719483,78.13681818181819,84.21409090909091,357.0,389.3,0
2026-06-30 16:30:09,五反田,1,1,1,close,20260630163009_五反田_1番線_1号車_1番ドア_閉動作.csv,78.13727272727273,112.01566599777739,351.5,9.15,342.35,10.05,10.5,90.29999999999998,10.95,220,8.760273972602741,205.05,4103647.42,136.57577683535914,1.4684196311442808,0.5476772923820881,82.33363636363636,73.94090909090909,368.7,335.5,0
2026-06-30 16:35:41,五反田,1,1,1,open,20260630163541_五反田_1番線_1号車_1番ドア_開動作.csv,81.49681818181818,123.3569080457325,375.35,8.7,366.65000000000003,9.850000000000001,10.225,86.8875,10.95,220,8.042237442922373,201.70000000000002,4808904.789999999,147.84673867341016,1.4433069644216734,0.3592826910199207,78.82818181818182,84.16545454545455,357.7,393.0,0
2026-06-30 16:42:10,五反田,1,1,1,close,20260630164210_五反田_1番線_1号車_1番ドア_閉動作.csv,78.3575,112.36761028640447,353.55,8.850000000000001,344.7,9.850000000000001,10.25,91.6,10.95,220,8.90799086757991,211.64999999999998,4128603.0825,136.99042903694868,1.457172595271175,0.5091066696806408,82.72636363636363,73.98863636363637,371.1,347.8,0
2026-06-30 16:47:42,五反田,1,1,1,open,20260630164742_五反田_1番線_1号車_1番ドア_開動作.csv,81.16454545454545,123.02451785304915,378.75,9.1,369.65,9.8,10.2,88.2625,10.95,220,7.7780821917808245,153.35000000000002,4778997.395,147.38627965932983,1.445199052793558,0.362700206371382,78.31181818181817,84.01727272727274,359.9,397.6,0
2026-06-30 16:54:09,五反田,1,1,1,close,20260630165409_五反田_1番線_1号車_1番ドア_閉動作.csv,78.08431818181818,112.2548764560876,359.9,8.85,351.04999999999995,9.787500000000001,10.2,88.9375,10.95,220,9.30296803652968,226.95,4113629.9675000003,136.74179329704182,1.4691823571522316,0.5523723889547831,82.3390909090909,73.82954545454545,374.9,354.8,0
2026-06-30 16:58:50,五反田,1,1,1,open,20260630165850_五反田_1番線_1号車_1番ドア_開動作.csv,81.20818181818181,123.12440337230116,371.95,9.2,362.75,10.05,10.399999999999999,84.6125,10.95,220,7.6219178082191785,162.15,4785965.25,147.49368630555006,1.4512835235363588,0.37761066296019186,77.93909090909092,84.47727272727273,359.0,387.7,0
2026-06-30 17:04:50,五反田,1,1,1,close,20260630170450_五反田_1番線_1号車_1番ドア_閉動作.csv,78.38181818181818,111.79231601242319,356.15,8.95,347.2,9.95,10.35,90.7625,10.95,220,8.102511415525115,204.84999999999997,4101070.8949999996,136.53289472104913,1.4521006191671846,0.5023941647739534,82.58954545454544,74.1740909090909,376.7,335.6,0
2026-06-30 17:10:00,五反田,1,1,1,open,20260630171000_五反田_1番線_1号車_1番ドア_開動作.csv,81.4206818181818,123.26314494530736,376.6,9.05,367.55,10.05,10.4,83.225,10.95,220,8.20342465753425,143.2,4801088.672499999,147.72653901566045,1.4506470967635876,0.37360830639134557,78.45454545454545,84.38681818181819,359.5,393.7,0
2026-06-30 17:14:52,五反田,1,1,1,close,20260630171452_五反田_1番線_1号車_1番ドア_閉動作.csv,77.93272727272728,111.70913477671368,351.95,8.75,343.2,9.75,10.2,89.575,10.95,220,8.29429223744292,183.79999999999998,4081536.97,136.20734478260442,1.4536118278593892,0.49581071787101516,82.48954545454546,73.37590909090908,366.5,356.3,0
2026-06-30 17:17:53,五反田,1,1,1,open,20260630171753_五反田_1番線_1号車_1番ドア_開動作.csv,81.53909090909092,123.38437988324759,380.5,9.149999999999999,371.35,9.9,10.3,87.8,10.95,220,7.655251141552513,174.7,4811912.28,147.89296313704227,1.436603308962832,0.3297477743885109,78.67363636363636,84.40454545454546,363.9,397.1,0
2026-06-30 17:24:11,五反田,1,1,1,close,20260630172411_五反田_1番線_1号車_1番ドア_閉動作.csv,78.29272727272728,111.9296764483607,353.45,9.25,344.2,10.0,10.399999999999999,88.525,10.95,220,8.633105022831053,217.6,4104760.795,136.59430300578558,1.45237001432828,0.4890191865756961,82.695,73.89045454545453,368.4,339.6,0
2026-06-30 17:26:56,五反田,1,1,1,open,20260630172656_五反田_1番線_1号車_1番ドア_開動作.csv,81.22886363636364,123.40752461985285,373.35,8.7,364.65000000000003,10.0,10.5,85.025,10.95,220,8.517123287671234,238.75,4802059.992500001,147.7414817187595,1.4577560563940115,0.38700668502445357,78.16318181818181,84.29454545454546,358.4,388.3,0
2026-06-30 17:33:09,五反田,1,1,1,close,20260630173309_五反田_1番線_1号車_1番ドア_閉動作.csv,78.5525,111.83026975012787,353.5,8.8,344.7,9.8,10.25,90.17500000000001,10.95,220,8.160045662100455,208.00000000000003,4108830.9875,136.6620082123644,1.4488372427106324,0.503175981289754,82.99136363636363,74.11363636363636,372.1,334.9,0
2026-06-30 17:37:55,五反田,1,1,1,open,20260630173755_五反田_1番線_1号車_1番ドア_開動作.csv,81.22568181818181,123.12905623032887,373.35,9.1,364.25,9.95,10.3,85.075,10.95,220,7.309589041095891,158.39999999999998,4786842.6925,147.5072061799016,1.4493983479690302,0.3744964681724432,78.10045454545454,84.35090909090908,356.4,390.3,0
2026-06-30 17:41:50,五反田,1,1,1,close,20260630174150_五反田_1番線_1号車_1番ドア_閉動作.csv,78.55204545454546,111.86668580745292,353.65,8.9,344.75,10.0,10.425,91.2375,10.95,220,8.277853881278538,203.20000000000002,4110607.4325,136.69154779515947,1.4513282850775244,0.49986989009248806,83.36272727272727,73.74136363636363,373.4,333.9,0
2026-06-30 17:44:32,五反田,1,1,1,open,20260630174432_五反田_1番線_1号車_1番ドア_開動作.csv,81.295,123.59353992569206,381.8,8.75,373.05,9.7,10.1,85.39999999999999,10.95,220,7.924429223744293,172.9,4814532.83,147.93322864172077,1.441962251156642,0.3437872190045037,78.25454545454545,84.33545454545454,372.5,391.1,0
2026-06-30 17:53:18,五反田,1,1,1,close,20260630175318_五反田_1番線_1号車_1番ドア_閉動作.csv,125.83772727272726,137.36228842443748,371.55,8.75,362.8,9.85,67.42500000000001,289.98749999999995,10.95,220,12.184246575342465,210.35000000000005,7634777.015,186.2888399404635,0.654111194838142,-1.3544083928676032,129.19954545454547,122.47590909090908,374.1,388.0,0
2026-06-30 17:53:28,五反田,1,1,1,open,20260630175328_五反田_1番線_1号車_1番ドア_開動作.csv,174.23340909090908,103.55170539711467,367.75,91.65,276.1,100.75,102.2,299.65,10.95,220,9.05296803652968,167.95000000000002,9037652.0375,202.68260047199638,0.8807612644188879,-1.0966484585311567,172.47045454545454,175.9963636363636,379.4,364.6,0
2026-06-30 18:01:43,五反田,1,1,1,open,20260630180143_五反田_1番線_1号車_1番ドア_開動作.csv,81.23886363636363,123.47315212804746,371.35,9.05,362.3,9.9,10.25,85.26249999999999,10.95,220,8.281278538812783,211.35,4805981.897499999,147.80180060257598,1.4481033545416144,0.35823229338460294,77.98818181818183,84.48954545454544,357.5,387.5,0
2026-06-30 18:04:32,五反田,1,1,1,close,20260630180432_五反田_1番線_1号車_1番ドア_閉動作.csv,78.27318181818181,111.84894575787813,350.75,9.25,341.5,9.95,10.4,88.675,10.95,220,8.549999999999999,199.95000000000002,4100113.085,136.51695007980112,1.4570347977610214,0.5073599310980463,82.73,73.81636363636365,368.7,332.8,0
2026-06-30 18:06:54,五反田,1,1,1,open,20260630180654_五反田_1番線_1号車_1番ドア_開動作.csv,81.07931818181818,123.20071434632275,377.9,8.8,369.09999999999997,9.8875,10.25,85.2875,10.95,220,7.714383561643837,197.60000000000002,4785499.8075,147.48651413696348,1.4567406883151794,0.3913868929459481,77.92136363636364,84.23727272727271,360.1,395.7,0
2026-06-30 18:09:14,五反田,1,1,1,close,20260630180914_五反田_1番線_1号車_1番ドア_閉動作.csv,78.56136363636364,111.68651372542925,353.9,8.95,344.95,10.05,10.5,91.225,10.95,220,7.769406392694064,190.3,4102068.345,136.5494972694717,1.4420997802951674,0.4642566313013048,83.12681818181817,73.9959090909091,373.7,334.1,0
2026-06-30 18:12:10,五反田,1,1,1,open,20260630181210_五反田_1番線_1号車_1番ドア_開動作.csv,81.30795454545456,123.1878767201388,377.54999999999995,9.1,368.44999999999993,9.8375,10.175,86.2875,10.95,220,7.843607305936073,201.10000000000002,4792972.0175,147.60161395859402,1.4458089542956298,0.3621984386786532,78.33636363636364,84.27954545454546,363.2,391.9,0
2026-06-30 18:15:02,五反田,1,1,1,close,20260630181502_五反田_1番線_1号車_1番ドア_閉動作.csv,78.29295454545455,111.60699720609622,354.4,9.15,345.25,9.95,10.399999999999999,89.03750000000001,10.95,220,8.45593607305936,183.29999999999998,4088899.8825,136.33014544413197,1.452553687138227,0.4896936994827321,83.05272727272727,73.53318181818182,372.9,335.9,0
2026-06-30 18:19:41,五反田,1,1,1,open,20260630181941_五反田_1番線_1号車_1番ドア_開動作.csv,81.34159090909091,123.31437912807142,383.1,8.95,374.15000000000003,9.850000000000001,10.2,88.32499999999999,10.95,220,7.789954337899547,179.39999999999995,4801035.9125,147.72572731709138,1.4445535443204258,0.3582129628650046,78.50772727272728,84.17545454545454,364.2,402.0,0
2026-06-30 18:22:28,五反田,1,1,1,close,20260630182228_五反田_1番線_1号車_1番ドア_閉動作.csv,78.22454545454545,112.07715579932476,356.4,9.05,347.34999999999997,9.8,10.3,88.8625,10.95,220,8.646575342465754,207.3,4109681.04,136.67614409119233,1.4587258390006919,0.5170220224360018,82.84363636363636,73.60545454545455,376.2,336.6,0
2026-06-30 18:26:30,五反田,1,1,1,open,20260630182630_五反田_1番線_1号車_1番ドア_開動作.csv,81.10545454545455,123.3791102005696,372.25,8.85,363.4,9.899999999999999,10.25,83.175,10.95,220,8.000684931506848,196.45000000000002,4796109.909999999,147.64992242093825,1.4522727443879864,0.3740608519124673,78.04227272727272,84.16863636363635,358.2,386.3,0
2026-06-30 18:30:31,五反田,1,1,1,close,20260630183031_五反田_1番線_1号車_1番ドア_閉動作.csv,78.45954545454546,112.16235644965224,355.15,8.850000000000001,346.29999999999995,9.850000000000001,10.35,91.64999999999999,10.95,220,8.837214611872145,222.70000000000002,4121984.7849999997,136.88058473455146,1.4541217722601536,0.5063388665772135,83.01136363636364,73.90772727272727,371.7,338.6,0
2026-06-30 18:34:28,五反田,1,1,1,open,20260630183428_五反田_1番線_1号車_1番ドア_開動作.csv,81.30568181818182,123.7777728320493,375.70000000000005,8.899999999999999,366.80000000000007,9.9,10.4,85.875,10.95,220,9.172602739726027,242.65000000000003,4824941.2075000005,148.09304826082086,1.459430920402566,0.3889493127131818,78.32136363636363,84.28999999999999,358.3,415.5,0
2026-06-30 18:38:30,五反田,1,1,1,close,20260630183830_五反田_1番線_1号車_1番ドア_閉動作.csv,78.58954545454546,112.00912454622423,364.65,8.8,355.84999999999997,9.85,10.3,88.35,10.95,220,7.98767123287671,183.55,4118919.34,136.82967746934008,1.4350906508743777,0.4375516736300926,83.25545454545455,73.92363636363636,380.4,348.9,0
2026-06-30 18:45:03,五反田,1,1,1,open,20260630184503_五反田_1番線_1号車_1番ドア_開動作.csv,81.41204545454546,123.33890985594319,380.4,9.05,371.34999999999997,9.9,10.399999999999999,87.4375,10.95,220,8.292922374429223,188.14999999999998,4804889.7225,147.7850054286478,1.4507270326453114,0.3792712486205576,78.59045454545453,84.23363636363636,368.4,392.4,0
2026-06-30 18:47:24,五反田,1,1,1,close,20260630184724_五反田_1番線_1号車_1番ドア_閉動作.csv,78.39931818181819,112.01495998704263,353.35,8.850000000000001,344.5,9.850000000000001,10.350000000000001,90.1875,10.95,220,8.206392694063927,188.5,4112636.9574999996,136.72528790341866,1.4525431587144453,0.4943047022594671,83.15636363636364,73.64227272727273,370.3,336.4,0
2026-06-30 18:55:34,五反田,1,1,1,open,20260630185534_五反田_1番線_1号車_1番ドア_開動作.csv,81.10977272727273,123.2900552003769,381.70000000000005,8.95,372.75000000000006,9.75,10.25,84.08749999999999,10.95,220,8.291552511415526,208.45000000000002,4791431.2475,147.57788771757717,1.4522472766361072,0.37334094520532357,78.11863636363636,84.10090909090908,362.6,400.8,0
2026-06-30 18:58:47,五反田,1,1,1,close,20260630185847_五反田_1番線_1号車_1番ドア_閉動作.csv,78.30295454545455,112.21159508186359,352.70000000000005,8.85,343.85,9.899999999999999,10.4,88.4625,10.95,220,8.828995433789954,213.7,4119014.8475,136.83126383017748,1.461970265587212,0.5217642554859663,83.08318181818181,73.52272727272727,370.2,348.5,0
2026-06-30 19:01:21,五反田,1,1,1,open,20260630190121_五反田_1番線_1号車_1番ドア_開動作.csv,81.1765909090909,123.34446429600725,379.85,8.95,370.90000000000003,9.8,10.2,83.71249999999999,10.95,220,7.821689497716896,184.79999999999998,4796769.072500001,147.66006834649275,1.447225052422193,0.36162965873994013,78.19863636363638,84.15454545454546,370.9,388.8,0
2026-06-30 19:04:08,五反田,1,1,1,close,20260630190408_五反田_1番線_1号車_1番ドア_閉動作.csv,78.48681818181818,112.27308604009664,353.9,8.9,345.0,10.0,10.4,91.65,10.95,220,8.732191780821918,212.9,4128393.825,136.98695732540645,1.4549735609098695,0.4976335001745342,82.85954545454545,74.1140909090909,371.7,336.1,0
2026-06-30 19:07:01,五反田,1,1,1,open,20260630190701_五反田_1番線_1号車_1番ドア_開動作.csv,81.21295454545454,123.44778203353002,380.55,8.2,372.35,9.8,10.1,83.7625,10.95,220,7.829680365296805,181.05,4803677.7525,147.76636584487014,1.446485363745725,0.3591351909795888,78.35909090909091,84.06681818181819,363.3,397.8,0
2026-06-30 19:11:26,五反田,1,1,1,close,20260630191126_五反田_1番線_1号車_1番ドア_閉動作.csv,78.42113636363636,111.79087089122156,354.29999999999995,9.1,345.19999999999993,9.899999999999999,10.3,90.1625,10.95,220,8.263013698630134,202.05,4102356.1575,136.55428753130317,1.4480090772714795,0.48593942741180207,82.76136363636364,74.0809090909091,370.2,338.4,0
2026-06-30 19:14:22,五反田,1,1,1,open,20260630191422_五反田_1番線_1号車_1番ドア_開動作.csv,81.3625,123.34708730254934,372.54999999999995,8.95,363.59999999999997,9.85,10.275,87.425,10.95,220,7.741324200913243,216.10000000000005,4803559.2775,147.76454362353888,1.447718878194417,0.36600959958971924,78.22136363636363,84.50363636363636,358.2,386.9,0
2026-06-30 19:20:29,五反田,1,1,1,close,20260630192029_五反田_1番線_1号車_1番ドア_閉動作.csv,78.48886363636363,111.72530203413086,361.75,8.8,352.95,9.95,10.3,89.1875,10.95,220,8.496575342465755,213.50000000000006,4101469.8625000003,136.539535774608,1.4527804285755916,0.5004185353351223,82.945,74.03272727272727,382.3,341.2,0
2026-06-30 19:23:44,五反田,1,1,1,open,20260630192344_五反田_1番線_1号車_1番ドア_開動作.csv,81.2090909090909,123.6590301415032,372.5,9.2,363.3,9.899999999999999,10.25,84.2125,10.95,220,8.394520547945206,202.05,4815023.879999999,147.94077254705067,1.4536998526805571,0.37595515480940334,77.97772727272726,84.44045454545456,358.4,387.9,0
2026-06-30 19:29:00,五反田,1,1,1,close,20260630192900_五反田_1番線_1号車_1番ドア_閉動作.csv,78.11863636363637,112.30952458174177,353.05,8.85,344.2,9.8875,10.2,88.11249999999998,10.95,220,8.767351598173518,216.75000000000003,4117509.1450000005,136.80625226608217,1.4642178434306528,0.5207858995632977,82.74863636363635,73.48863636363636,370.8,335.3,0
2026-06-30 19:31:58,五反田,1,1,1,open,20260630193158_五反田_1番線_1号車_1番ドア_開動作.csv,81.11636363636364,123.48483107231705,373.20000000000005,8.899999999999999,364.30000000000007,9.8375,10.15,83.675,10.95,220,8.29178082191781,204.55,4802240.949999999,147.7442653863271,1.4534651472541844,0.3777681648565858,78.02136363636365,84.21136363636364,358.8,389.6,0
2026-06-30 19:38:03,五反田,1,1,1,close,20260630193803_五反田_1番線_1号車_1番ドア_閉動作.csv,78.16522727272728,111.96645229078534,351.45000000000005,9.05,342.40000000000003,9.75,10.25,89.75,10.95,220,8.319634703196348,192.3,4102183.6224999996,136.551415932541,1.4553635443427342,0.4973949379445193,82.61,73.72045454545454,382.7,336.5,0
2026-06-30 19:41:09,五反田,1,1,1,open,20260630194109_五反田_1番線_1号車_1番ドア_開動作.csv,81.01954545454547,123.43930033816298,382.70000000000005,9.0,373.70000000000005,9.95,10.275,82.35,10.95,220,8.618721461187215,227.00000000000003,4796314.074999999,147.65306503298996,1.4621522568093106,0.3971743345154004,77.86454545454546,84.17454545454547,362.3,403.1,0
2026-06-30 19:47:20,五反田,1,1,1,close,20260630194720_五反田_1番線_1号車_1番ドア_閉動作.csv,78.4656818181818,111.8888850885257,358.6,9.1,349.5,9.9375,10.375,90.0625,10.95,220,8.195433789954338,189.29999999999998,4108716.8825000003,136.66011060124842,1.447183235915756,0.4795396247399655,83.05227272727272,73.87909090909092,376.8,340.4,0
2026-06-30 19:52:08,五反田,1,1,1,open,20260630195208_五反田_1番線_1号車_1番ドア_開動作.csv,81.52204545454545,123.56933360336517,380.5,9.0,371.5,9.9,10.3,86.42500000000001,10.95,220,7.7984018264840165,176.0,4821349.3025,148.03791440800808,1.4434091352914213,0.35273242046950415,78.3559090909091,84.68818181818183,363.8,397.2,0
2026-06-30 19:56:06,五反田,1,1,1,close,20260630195606_五反田_1番線_1号車_1番ドア_閉動作.csv,78.44386363636364,112.16614653385456,354.85,8.9,345.95000000000005,10.1375,10.600000000000001,88.125,10.95,220,8.964155251141554,226.3,4121630.5175000005,136.87470244882562,1.4636821201962307,0.5208565455701075,83.21045454545454,73.67727272727272,372.4,337.3,0
2026-06-30 20:00:21,五反田,1,1,1,open,20260630200021_五反田_1番線_1号車_1番ドア_開動作.csv,81.11,123.21921066648952,378.2,9.15,369.05,9.95,10.3,84.95,10.95,220,7.985159817351599,168.85000000000002,4787597.315,147.51883261900065,1.457299891975965,0.39694002833314945,78.08363636363637,84.13636363636363,364.4,392.0,0
2026-06-30 20:06:02,五反田,1,1,1,close,20260630200602_五反田_1番線_1号車_1番ドア_閉動作.csv,78.665,112.06322536651108,359.25,9.149999999999999,350.1,9.95,10.4,91.70000000000002,10.95,220,8.221232876712328,184.45,4124196.715,136.91730608124544,1.4428108477115043,0.4629840495677753,83.205,74.125,376.2,342.3,0
2026-06-30 20:08:33,五反田,1,1,1,open,20260630200833_五反田_1番線_1号車_1番ドア_開動作.csv,81.49249999999999,123.30294778465908,384.70000000000005,9.149999999999999,375.55000000000007,10.0,10.425,86.0,10.95,220,7.6826484018264845,156.7,4805821.787500001,147.79933859336572,1.448234498214957,0.3734613745522024,78.61863636363636,84.36636363636364,367.1,402.3,0
2026-06-30 20:16:31,五反田,1,1,1,close,20260630201631_五反田_1番線_1号車_1番ドア_閉動作.csv,78.1640909090909,112.08189662673576,354.65,8.75,345.9,9.95,10.35,89.875,10.95,220,8.839954337899542,238.44999999999996,4107834.8649999998,136.64544141350237,1.4661840178558896,0.5236999800416942,82.89954545454545,73.42863636363636,372.1,337.2,0
2026-06-30 20:19:36,五反田,1,1,1,open,20260630201936_五反田_1番線_1号車_1番ドア_開動作.csv,81.4590909090909,123.40983158157107,377.7,8.65,369.05,9.85,10.25,84.07499999999999,10.95,220,8.042922374429224,175.14999999999998,4810425.404999999,147.87011199944115,1.4422913745934938,0.35313615068514004,78.74227272727272,84.17590909090907,365.7,389.7,0
2026-06-30 20:27:30,五反田,1,1,1,close,20260630202730_五反田_1番線_1号車_1番ドア_閉動作.csv,78.36545454545454,111.88316729872008,359.04999999999995,8.899999999999999,350.15,10.149999999999999,10.55,90.925,10.95,220,8.520091324200912,207.74999999999997,4104977.2699999996,136.59790478228092,1.456097142013101,0.49442527024240235,82.985,73.7459090909091,376.9,341.2,0
2026-06-30 20:31:02,五反田,1,1,1,open,20260630203102_五反田_1番線_1号車_1番ドア_開動作.csv,81.2684090909091,123.4768008748493,376.3,8.649999999999999,367.65000000000003,9.8,10.2,84.13749999999999,10.95,220,8.291552511415524,233.0,4807236.427500001,147.82109007328606,1.4513067605890533,0.37020584271694457,78.50136363636364,84.03545454545454,359.6,393.0,0
2026-06-30 20:38:30,五反田,1,1,1,close,20260630203830_五反田_1番線_1号車_1番ドア_閉動作.csv,78.36772727272728,112.38277894733525,356.0,8.95,347.05,9.8875,10.35,87.5375,10.95,220,8.999315068493152,229.25,4129705.7300000004,137.00872118890163,1.4591391453660663,0.5016514085538004,83.02772727272726,73.70772727272728,377.2,339.2,0
2026-06-30 20:42:44,五反田,1,1,1,open,20260630204244_五反田_1番線_1号車_1番ドア_開動作.csv,81.22249999999998,123.56756894923006,378.45,8.8,369.65,9.75,10.149999999999999,84.75,10.95,220,8.347945205479453,153.14999999999998,4810528.4925,147.87169642048718,1.4519024184436993,0.37235498527087296,78.3559090909091,84.08909090909091,359.9,397.0,0
2026-06-30 20:49:03,五反田,1,1,1,close,20260630204903_五反田_1番線_1号車_1番ドア_閉動作.csv,78.54068181818181,112.1449935736145,358.6,8.9,349.70000000000005,9.9,10.3,89.725,10.95,220,7.765981735159817,184.05,4123930.4225,136.91288574889842,1.4435004457193579,0.45710223974979414,83.15636363636364,73.925,374.4,342.8,0
2026-06-30 20:54:04,五反田,1,1,1,open,20260630205404_五反田_1番線_1号車_1番ドア_開動作.csv,81.08022727272729,123.55064910039998,382.5,8.9,373.6,9.75,10.1,82.2875,10.95,220,8.022374429223742,206.49999999999994,4804528.552500001,147.7794510333804,1.4582275457363483,0.39315288557126227,78.07863636363636,84.08181818181816,366.4,398.6,0
2026-06-30 20:59:59,五反田,1,1,1,close,20260630205959_五反田_1番線_1号車_1番ドア_閉動作.csv,78.33500000000001,112.14673921211036,355.55,9.1,346.45,9.8875,10.375,89.125,10.95,220,8.595433789954336,216.5,4116917.9350000005,136.79643029300541,1.4635857363603717,0.530209606079795,82.88227272727272,73.78772727272728,371.8,339.3,0
2026-06-30 21:04:36,五反田,1,1,1,open,20260630210436_五反田_1番線_1号車_1番ドア_開動作.csv,81.63704545454544,123.79919665952357,377.95000000000005,9.149999999999999,368.80000000000007,10.1,10.45,85.125,10.95,220,8.777853881278537,231.24999999999994,4837986.6225000005,148.2931161048648,1.4525097293796247,0.36981874518823155,79.04999999999998,84.2240909090909,360.8,395.1,0
2026-06-30 21:11:18,五反田,1,1,1,close,20260630211118_五反田_1番線_1号車_1番ドア_閉動作.csv,78.60181818181817,112.3388710609096,362.6,8.85,353.75,9.8375,10.275,85.45,10.95,220,7.97648401826484,194.35000000000002,4135618.91,137.10677507959727,1.4439347571134211,0.4605787088181952,83.26227272727273,73.94136363636363,378.7,346.5,0
2026-06-30 21:16:13,五反田,1,1,1,open,20260630211613_五反田_1番線_1号車_1番ドア_開動作.csv,81.27681818181819,123.62495411843487,377.35,9.1,368.25,9.85,10.2,85.21249999999999,10.95,220,8.096575342465753,187.25,4815591.1,147.9494861584367,1.4538553295534868,0.3801992831142371,78.49818181818183,84.05545454545454,363.0,391.7,0
2026-06-30 21:23:25,五反田,1,1,1,close,20260630212325_五反田_1番線_1号車_1番ドア_閉動作.csv,78.37863636363636,112.470603120648,361.45,9.2,352.25,9.9375,10.350000000000001,87.17500000000001,10.95,220,9.062100456621003,229.45,4134426.3850000002,137.08700596535564,1.4743751959338647,0.5635975460547655,83.07363636363635,73.68363636363637,373.0,349.9,0
2026-06-30 21:28:48,五反田,1,1,1,open,20260630212848_五反田_1番線_1号車_1番ドア_開動作.csv,81.67386363636362,123.59283550167882,378.6,9.100000000000001,369.5,9.9875,10.35,82.8625,10.95,220,8.204566210045662,135.95,4828077.9775,148.14117924681295,1.4471175978277981,0.36668048475563486,78.94181818181819,84.40590909090909,358.0,399.2,0
2026-06-30 21:37:53,五反田,1,1,1,close,20260630213753_五反田_1番線_1号車_1番ドア_閉動作.csv,78.42954545454545,112.48862756568582,354.8,9.0,345.8,9.9,10.3,89.6,10.95,220,8.525342465753424,204.15000000000003,4137074.685,137.1309043644728,1.4623337189818484,0.5287521332216527,83.02863636363638,73.83045454545454,375.5,348.1,0
2026-06-30 21:45:09,五反田,1,1,1,open,20260630214509_五反田_1番線_1号車_1番ドア_開動作.csv,81.64045454545455,123.8540564343693,380.4,9.05,371.34999999999997,9.9,10.25,82.525,10.95,220,8.338127853881279,218.2,4841098.045,148.34079382838817,1.4496925974776924,0.36891199658781515,79.19409090909092,84.08681818181817,363.5,397.3,0
2026-06-30 21:52:53,五反田,1,1,1,close,20260630215253_五反田_1番線_1号車_1番ドア_閉動作.csv,78.58454545454545,112.12085225843151,362.2,9.100000000000001,353.09999999999997,9.9,10.35,89.42500000000001,10.95,220,7.818493150684931,169.2,4124255.5849999995,136.918283276758,1.4395407539755016,0.448935434245326,83.23181818181818,73.93727272727273,375.5,348.9,0
2026-06-30 21:59:18,五反田,1,1,1,open,20260630215918_五反田_1番線_1号車_1番ドア_開動作.csv,81.26181818181817,124.27252199889944,373.8,8.95,364.85,9.85,10.2,81.38750000000002,10.95,220,8.99269406392694,223.90000000000003,4850371.42,148.4828031058877,1.4677321143615178,0.4154529290880995,78.4040909090909,84.11954545454545,359.5,413.9,0
2026-06-30 22:07:27,五反田,1,1,1,close,20260630220727_五反田_1番線_1号車_1番ドア_閉動作.csv,78.26795454545453,112.34411597205876,351.35,9.2,342.15000000000003,10.0,10.399999999999999,87.9625,10.95,220,8.637899543378996,205.70000000000005,4124356.0825,136.9199514397837,1.4667112328148275,0.5339314720972275,83.08590909090908,73.45,368.3,334.4,0
2026-06-30 22:14:07,五反田,1,1,1,open,20260630221407_五反田_1番線_1号車_1番ドア_開動作.csv,81.4034090909091,123.75539308621484,379.85,8.75,371.1,9.75,10.25,83.625,10.95,220,7.9269406392694055,189.35000000000002,4827220.712499999,148.12802681986096,1.4488973984680174,0.3669051059992223,78.6390909090909,84.16772727272726,368.2,391.5,0
2026-06-30 22:22:24,五反田,1,1,1,close,20260630222224_五反田_1番線_1号車_1番ドア_閉動作.csv,78.31681818181819,112.47103390272876,353.15,8.85,344.29999999999995,9.75,10.15,89.25,10.95,220,8.671689497716894,199.99999999999997,4132316.6449999996,137.052024710592,1.4592763673839062,0.5135135835344551,83.04727272727273,73.58636363636364,369.1,362.1,0
2026-06-30 22:28:51,五反田,1,1,1,open,20260630222851_五反田_1番線_1号車_1番ドア_開動作.csv,81.6225,124.15588251953487,372.35,9.0,363.35,9.9,10.25,84.2875,10.95,220,8.455022831050231,196.90000000000003,4856921.447499999,148.58302618554563,1.453558006793208,0.38033980499153985,78.73863636363636,84.50636363636364,359.0,389.3,0
2026-06-30 22:37:22,五反田,1,1,1,close,20260630223722_五反田_1番線_1号車_1番ドア_閉動作.csv,78.70954545454546,112.9068343803571,356.35,9.0,347.35,10.100000000000001,10.5,90.225,10.95,220,8.977397260273975,232.20000000000002,4167492.075,137.63410113578155,1.4679086873803118,0.5444775042942136,83.02954545454547,74.38954545454547,372.1,350.4,0
2026-06-30 22:44:22,五反田,1,1,1,open,20260630224422_五反田_1番線_1号車_1番ドア_開動作.csv,81.35386363636364,124.125489914183,371.6,8.85,362.75,9.75,10.225,83.025,10.95,220,8.46324200913242,184.20000000000002,4845629.4425,148.41020306906125,1.4577984481166766,0.3905939706276782,78.495,84.21272727272726,359.0,393.8,0
2026-06-30 22:52:20,五反田,1,1,1,close,20260630225220_五反田_1番線_1号車_1番ドア_閉動作.csv,78.60363636363635,112.4420194445869,351.9,8.8,343.09999999999997,10.0,10.45,90.0625,10.95,220,8.35433789954338,181.20000000000002,4140782.665,137.19234448890955,1.4553506236017753,0.49962601629015513,83.25454545454545,73.95272727272729,370.2,361.8,0
2026-06-30 22:59:02,五反田,1,1,1,open,20260630225902_五反田_1番線_1号車_1番ドア_開動作.csv,81.34,123.9762500716092,376.95000000000005,8.95,368.00000000000006,9.9,10.35,82.775,10.95,220,8.439041095890412,214.1,4836987.36,148.27780070468467,1.4613536631213975,0.39669225548185905,78.45409090909092,84.2259090909091,360.6,393.3,0
2026-06-30 23:08:21,五反田,1,1,1,close,20260630230821_五反田_1番線_1号車_1番ドア_閉動作.csv,78.52750000000002,112.49449342331464,356.20000000000005,8.75,347.45000000000005,9.95,10.45,88.0125,10.95,220,8.441552511415527,208.75000000000006,4140747.4475,137.19176107484802,1.4606983159315814,0.5230438977881029,83.21909090909091,73.83590909090908,372.6,339.8,0
2026-06-30 23:13:48,五反田,1,1,1,open,20260630231348_五反田_1番線_1号車_1番ドア_開動作.csv,81.59,123.92543603092363,378.35,8.850000000000001,369.5,9.95,10.35,83.125,10.95,220,8.147488584474885,161.75,4843177.195,148.37264503760304,1.452050709457596,0.37584444753111557,78.98454545454545,84.19545454545452,361.1,395.6,0
2026-06-30 23:25:51,五反田,1,1,1,close,20260630232551_五反田_1番線_1号車_1番ドア_閉動作.csv,78.74818181818183,112.23398649235864,355.95000000000005,9.3,346.65000000000003,10.05,10.525,87.425,10.95,220,8.22420091324201,172.89999999999998,4135503.6500000004,137.10486447838517,1.4585766056340956,0.5156271409796025,83.36999999999999,74.12636363636364,371.8,340.1,0
2026-06-30 23:28:44,五反田,1,1,1,open,20260630232844_五反田_1番線_1号車_1番ドア_開動作.csv,81.52295454545454,124.06287906430838,386.1,8.8,377.3,9.75,10.2,81.11250000000001,10.95,220,7.500456621004567,173.70000000000002,4848269.817500001,148.45063179234185,1.4473394064626524,0.36302087872172795,78.68318181818181,84.36272727272727,371.6,400.6,0
2026-06-30 23:35:53,五反田,1,1,1,close,20260630233553_五反田_1番線_1号車_1番ドア_閉動作.csv,78.7884090909091,112.32865179186518,355.3,9.5,345.8,10.1,10.5,89.97500000000001,10.95,220,8.609589041095889,199.40000000000003,4141574.6725,137.20546425144497,1.4605846467436565,0.5209684722147321,83.46090909090908,74.11590909090908,373.1,337.5,0
2026-06-30 23:43:51,五反田,1,1,1,open,20260630234351_五反田_1番線_1号車_1番ドア_開動作.csv,81.66977272727274,123.97846489115167,374.1,9.0,365.1,10.0,10.4,83.8125,10.95,220,8.236757990867579,207.55,4848934.537500001,148.4608080743565,1.453662128489811,0.37459139047919754,79.10045454545455,84.2390909090909,357.6,390.6,0
2026-06-30 23:53:14,五反田,1,1,1,close,20260630235314_五反田_1番線_1号車_1番ドア_閉動作.csv,78.78886363636363,112.92302125011592,358.9,8.95,349.95,10.037500000000001,10.45,87.6,10.95,220,8.583561643835614,207.79999999999995,4171044.6275,137.69275130290495,1.456816035586705,0.4991964262843678,83.3940909090909,74.18363636363637,380.8,337.0,0
